URL,Last crawled
https://risclens.com/ai-governance/ai-policy-development/govtech,1970-01-01
https://risclens.com/ai-governance/ai-risk-classification/devtools,1970-01-01
https://risclens.com/ai-governance/ai-risk-classification/legaltech,1970-01-01
https://risclens.com/ai-governance/ai-vendor-assessment/insurance,1970-01-01
https://risclens.com/ai-governance/ai-vendor-assessment/saas,1970-01-01
https://risclens.com/ai-governance/audit-prep/crypto-web3,1970-01-01
https://risclens.com/ai-governance/auditor-selection/biotech,1970-01-01
https://risclens.com/ai-governance/auditor-selection/martech,1970-01-01
https://risclens.com/ai-governance/bias-detection/ai-ml,1970-01-01
https://risclens.com/ai-governance/checklist/biotech,1970-01-01
https://risclens.com/ai-governance/checklist/martech,1970-01-01
https://risclens.com/ai-governance/compliance-roadmap/biotech,1970-01-01
https://risclens.com/ai-governance/cost-calculator/crypto-web3,1970-01-01
https://risclens.com/ai-governance/cost-calculator/gaming,1970-01-01
https://risclens.com/ai-governance/cost-calculator/martech,1970-01-01
https://risclens.com/ai-governance/data-governance/manufacturing,1970-01-01
https://risclens.com/ai-governance/eu-ai-act-risk-assessment-template,1970-01-01
https://risclens.com/ai-governance/explainability-requirements/logistics,1970-01-01
https://risclens.com/ai-governance/human-oversight/cybersecurity,1970-01-01
https://risclens.com/ai-governance/human-oversight/legaltech,1970-01-01
https://risclens.com/ai-governance/implementation-guide/digital-health,1970-01-01
https://risclens.com/ai-governance/migration/insurtech,1970-01-01
https://risclens.com/ai-governance/model-monitoring/insurtech,1970-01-01
https://risclens.com/ai-governance/nist-ai-rmf-map-function,1970-01-01
https://risclens.com/ai-governance/roi-analysis/devtools,1970-01-01
https://risclens.com/ai-governance/timeline-estimator/gaming,1970-01-01
https://risclens.com/compare/15five-hr-alternatives/for/logistics,1970-01-01
https://risclens.com/compare/1password-alternatives/for/insurtech,1970-01-01
https://risclens.com/compare/42crunch-alternatives/for/insurtech,1970-01-01
https://risclens.com/compare/42crunch-alternatives/for/martech,1970-01-01
https://risclens.com/compare/6sense-alternatives/for/crypto-web3,1970-01-01
https://risclens.com/compare/ably-alternatives/for/crypto-web3,1970-01-01
https://risclens.com/compare/ably-alternatives/for/defense-tech,1970-01-01
https://risclens.com/compare/ably-alternatives/for/healthcare,1970-01-01
https://risclens.com/compare/abnormal-security-alternatives/for/insurtech,1970-01-01
https://risclens.com/compare/abtasty-alternatives/for/biotech,1970-01-01
https://risclens.com/compare/abtasty-alternatives/for/saas,1970-01-01
https://risclens.com/compare/adept-ai-alternatives/for/crypto-web3,1970-01-01
https://risclens.com/compare/adept-ai-alternatives/for/devtools,1970-01-01
https://risclens.com/compare/adept-ai-alternatives/for/govtech,1970-01-01
https://risclens.com/compare/adobe-alternatives/for/devtools,1970-01-01
https://risclens.com/compare/adp-alternatives/for/digital-health,1970-01-01
https://risclens.com/compare/agiloft-alternatives/for/edtech,1970-01-01
https://risclens.com/compare/agiloft-alternatives/for/healthtech,1970-01-01
https://risclens.com/compare/aidoc-alternatives/for/defense-tech,1970-01-01
https://risclens.com/compare/aidoc-alternatives/for/legaltech,1970-01-01
https://risclens.com/compare/aidoc-alternatives/for/manufacturing,1970-01-01
https://risclens.com/compare/aidoc-alternatives/for/marketing-ai,1970-01-01
https://risclens.com/compare/airbase-alternatives/for/defense-tech,1970-01-01
https://risclens.com/compare/airbase-alternatives/for/martech,1970-01-01
https://risclens.com/compare/airbnb-alternatives/for/defense-tech,1970-01-01
https://risclens.com/compare/airbnb-alternatives/for/digital-health,1970-01-01
https://risclens.com/compare/airbyte-alternatives/for/defense-tech,1970-01-01
https://risclens.com/compare/akamai-alternatives/for/devtools,1970-01-01
https://risclens.com/compare/aliexpress-alternatives/for/crypto-web3,1970-01-01
https://risclens.com/compare/alloy-alternatives/for/logistics,1970-01-01
https://risclens.com/compare/alloy-alternatives/for/saas,1970-01-01
https://risclens.com/compare/amd-alternatives/for/martech,1970-01-01
https://risclens.com/compare/anchorage-alternatives/for/marketing-ai,1970-01-01
https://risclens.com/compare/anthropic-alternatives/for/digital-health,1970-01-01
https://risclens.com/compare/anthropic-alternatives/for/gaming,1970-01-01
https://risclens.com/compare/apigee-alternatives/for/fintech,1970-01-01
https://risclens.com/compare/apigee-alternatives/for/legaltech,1970-01-01
https://risclens.com/compare/aporia-alternatives/for/logistics,1970-01-01
https://risclens.com/compare/appcues-alternatives/for/devtools,1970-01-01
https://risclens.com/compare/appsignal-alternatives/for/crypto-web3,1970-01-01
https://risclens.com/compare/appsmith-alternatives/for/cybersecurity,1970-01-01
https://risclens.com/compare/archer-alternatives/for/legaltech,1970-01-01
https://risclens.com/compare/archer-alternatives/for/proptech,1970-01-01
https://risclens.com/compare/arctic-wolf-alternatives/for/biotech,1970-01-01
https://risclens.com/compare/arctic-wolf-alternatives/for/logistics,1970-01-01
https://risclens.com/compare/arctic-wolf-alternatives/for/proptech,1970-01-01
https://risclens.com/compare/around-alternatives/for/devtools,1970-01-01
https://risclens.com/compare/arthur-ai-alternatives/for/devtools,1970-01-01
https://risclens.com/compare/asana-alternatives/for/manufacturing,1970-01-01
https://risclens.com/compare/ashby-hr-alternatives/for/logistics,1970-01-01
https://risclens.com/compare/asos-alternatives/for/insurtech,1970-01-01
https://risclens.com/compare/attentive-alternatives/for/defense-tech,1970-01-01
https://risclens.com/compare/auditboard-alternatives/for/devtools,1970-01-01
https://risclens.com/compare/azure-alternatives/for/martech,1970-01-01
https://risclens.com/compare/azure-alternatives/for/saas,1970-01-01
https://risclens.com/compare/basecamp-alternatives/for/ecommerce,1970-01-01
https://risclens.com/compare/basecamp-alternatives/for/legaltech,1970-01-01
https://risclens.com/compare/betterstack-alternatives/for/digital-health,1970-01-01
https://risclens.com/compare/betterup-alternatives/for/insurtech,1970-01-01
https://risclens.com/compare/betterworks-alternatives/for/cybersecurity,1970-01-01
https://risclens.com/compare/beyondtrust-alternatives/for/healthtech,1970-01-01
https://risclens.com/compare/bigid-alternatives/for/hr-tech,1970-01-01
https://risclens.com/compare/bitgo-alternatives/for/insurtech,1970-01-01
https://risclens.com/compare/bitsight-alternatives/for/fintech,1970-01-01
https://risclens.com/compare/bitsight-alternatives/for/marketing-ai,1970-01-01
https://risclens.com/compare/bitwarden-alternatives/for/devtools,1970-01-01
https://risclens.com/compare/blameless-alternatives/for/insurtech,1970-01-01
https://risclens.com/compare/bolt-alternatives/for/biotech,1970-01-01
https://risclens.com/compare/bolt-alternatives/for/crypto-web3,1970-01-01
https://risclens.com/compare/booking-alternatives/for/devtools,1970-01-01
https://risclens.com/compare/brevo-alternatives/for/gaming,1970-01-01
https://risclens.com/compare/brevo-alternatives/for/martech,1970-01-01
https://risclens.com/compare/brex-alternatives/for/devtools,1970-01-01
https://risclens.com/compare/bugsnag-alternatives/for/crypto-web3,1970-01-01
https://risclens.com/compare/buildkite-alternatives/for/ai-ml,1970-01-01
https://risclens.com/compare/bunq-alternatives/for/biotech,1970-01-01
https://risclens.com/compare/canva-alternatives/for/digital-health,1970-01-01
https://risclens.com/compare/captions-alternatives/for/govtech,1970-01-01
https://risclens.com/compare/carta-alternatives/for/cybersecurity,1970-01-01
https://risclens.com/compare/carta-alternatives/for/defense-tech,1970-01-01
https://risclens.com/compare/carta-alternatives/for/insurtech,1970-01-01
https://risclens.com/compare/census-alternatives/for/defense-tech,1970-01-01
https://risclens.com/compare/ceridian-alternatives/for/gaming,1970-01-01
https://risclens.com/compare/chainalysis-alternatives/for/defense-tech,1970-01-01
https://risclens.com/compare/chainalysis-alternatives/for/manufacturing,1970-01-01
https://risclens.com/compare/chameleon-alternatives/for/digital-health,1970-01-01
https://risclens.com/compare/charliehr-alternatives/for/insurtech,1970-01-01
https://risclens.com/compare/charthop-hr-alternatives/for/biotech,1970-01-01
https://risclens.com/compare/checkout-com-alternatives/for/insurtech,1970-01-01
https://risclens.com/compare/checkov-alternatives/for/defense-tech,1970-01-01
https://risclens.com/compare/chime-alternatives/for/defense-tech,1970-01-01
https://risclens.com/compare/circle-alternatives/for/manufacturing,1970-01-01
https://risclens.com/compare/circle-alternatives/for/saas,1970-01-01
https://risclens.com/compare/circleci-alternatives/for/defense-tech,1970-01-01
https://risclens.com/compare/cisco-alternatives/for/manufacturing,1970-01-01
https://risclens.com/compare/cityblock-health-alternatives/for/cybersecurity,1970-01-01
https://risclens.com/compare/clio-alternatives/for/insurance,1970-01-01
https://risclens.com/compare/cloudinary-alternatives/for/biotech,1970-01-01
https://risclens.com/compare/cloudways-alternatives/for/insurtech,1970-01-01
https://risclens.com/compare/commercetools-alternatives/for/insurance,1970-01-01
https://risclens.com/compare/condens-alternatives/for/biotech,1970-01-01
https://risclens.com/compare/confluence-alternatives/for/healthcare,1970-01-01
https://risclens.com/compare/confluence-alternatives/for/legaltech,1970-01-01
https://risclens.com/compare/confluent-alternatives/for/martech,1970-01-01
https://risclens.com/compare/contractpodai-alternatives/for/crypto-web3,1970-01-01
https://risclens.com/compare/contractpodai-alternatives/for/gaming,1970-01-01
https://risclens.com/compare/contractpodai-alternatives/for/logistics,1970-01-01
https://risclens.com/compare/contractpodai-alternatives/for/saas,1970-01-01
https://risclens.com/compare/coreweave-alternatives/for/digital-health,1970-01-01
https://risclens.com/compare/craftio-alternatives/for/logistics,1970-01-01
https://risclens.com/compare/credo-ai-alternatives/for/gaming,1970-01-01
https://risclens.com/compare/credo-ai-alternatives/for/saas,1970-01-01
https://risclens.com/compare/culture-amp-alternatives/for/govtech,1970-01-01
https://risclens.com/compare/current-alternatives/for/defense-tech,1970-01-01
https://risclens.com/compare/customer-io-alternatives/for/fintech,1970-01-01
https://risclens.com/compare/cyberark-alternatives/for/martech,1970-01-01
https://risclens.com/compare/darktrace-alternatives/for/defense-tech,1970-01-01
https://risclens.com/compare/dataiku-alternatives/for/govtech,1970-01-01
https://risclens.com/compare/deel-alternatives/for/martech,1970-01-01
https://risclens.com/compare/descope-alternatives/for/legaltech,1970-01-01
https://risclens.com/compare/digitalocean-alternatives/for/crypto-web3,1970-01-01
https://risclens.com/compare/digitalocean-alternatives/for/healthcare,1970-01-01
https://risclens.com/compare/dixa-alternatives/for/saas,1970-01-01
https://risclens.com/compare/docker-alternatives/for/devtools,1970-01-01
https://risclens.com/compare/doordash-alternatives/for/devtools,1970-01-01
https://risclens.com/compare/dragonboat-alternatives/for/insurtech,1970-01-01
https://risclens.com/compare/drata-vs-sprinto/for/cybersecurity,1970-01-01
https://risclens.com/compare/drata-vs-sprinto/for/insurtech,1970-01-01
https://risclens.com/compare/drata-vs-thoropass/for/biotech,1970-01-01
https://risclens.com/compare/drata-vs-vanta/for/digital-health,1970-01-01
https://risclens.com/compare/elliptic-alternatives/for/cybersecurity,1970-01-01
https://risclens.com/compare/eraser-alternatives/for/devtools,1970-01-01
https://risclens.com/compare/etsy-alternatives/for/crypto-web3,1970-01-01
https://risclens.com/compare/etsy-alternatives/for/insurtech,1970-01-01
https://risclens.com/compare/etsy-alternatives/for/logistics,1970-01-01
https://risclens.com/compare/evisort-alternatives/for/crypto-web3,1970-01-01
https://risclens.com/compare/excalidraw-alternatives/for/logistics,1970-01-01
https://risclens.com/compare/excalidraw-alternatives/for/proptech,1970-01-01
https://risclens.com/compare/expensify-alternatives/for/fintech,1970-01-01
https://risclens.com/compare/fairly-ai-alternatives/for/insurance,1970-01-01
https://risclens.com/compare/fastly-alternatives/for/digital-health,1970-01-01
https://risclens.com/compare/feishu-alternatives/for/biotech,1970-01-01
https://risclens.com/compare/feishu-alternatives/for/insurtech,1970-01-01
https://risclens.com/compare/fiddler-ai-alternatives/for/biotech,1970-01-01
https://risclens.com/compare/figjam-alternatives/for/healthcare,1970-01-01
https://risclens.com/compare/figjam-alternatives/for/healthtech,1970-01-01
https://risclens.com/compare/finch-alternatives/for/logistics,1970-01-01
https://risclens.com/compare/finch-api-alternatives/for/insurance,1970-01-01
https://risclens.com/compare/fireeye-alternatives/for/biotech,1970-01-01
https://risclens.com/compare/fireeye-alternatives/for/digital-health,1970-01-01
https://risclens.com/compare/fireflies-alternatives/for/legaltech,1970-01-01
https://risclens.com/compare/firetail-alternatives/for/insurtech,1970-01-01
https://risclens.com/compare/fireworks-ai-alternatives/for/devtools,1970-01-01
https://risclens.com/compare/fivetran-alternatives/for/defense-tech,1970-01-01
https://risclens.com/compare/flatiron-health-alternatives/for/insurtech,1970-01-01
https://risclens.com/compare/forter-alternatives/for/healthcare,1970-01-01
https://risclens.com/compare/fortinet-alternatives/for/biotech,1970-01-01
https://risclens.com/compare/fortinet-alternatives/for/digital-health,1970-01-01
https://risclens.com/compare/framer-alternatives/for/hr-tech,1970-01-01
https://risclens.com/compare/freshworks-alternatives/for/marketing-ai,1970-01-01
https://risclens.com/compare/fusionauth-alternatives/for/crypto-web3,1970-01-01
https://risclens.com/compare/gainsight-alternatives/for/devtools,1970-01-01
https://risclens.com/compare/galileo-ai-alternatives/for/gaming,1970-01-01
https://risclens.com/compare/github-alternatives/for/devtools,1970-01-01
https://risclens.com/compare/github-alternatives/for/insurtech,1970-01-01
https://risclens.com/compare/gitpod-alternatives/for/biotech,1970-01-01
https://risclens.com/compare/gladly-alternatives/for/biotech,1970-01-01
https://risclens.com/compare/gladly-alternatives/for/devtools,1970-01-01
https://risclens.com/compare/glean-alternatives/for/biotech,1970-01-01
https://risclens.com/compare/glitchtip-alternatives/for/crypto-web3,1970-01-01
https://risclens.com/compare/google-cloud-alternatives/for/ecommerce,1970-01-01
https://risclens.com/compare/google-cloud-alternatives/for/marketing-ai,1970-01-01
https://risclens.com/compare/grafana-labs-alternatives/for/defense-tech,1970-01-01
https://risclens.com/compare/grammarly-alternatives/for/devtools,1970-01-01
https://risclens.com/compare/grammarly-alternatives/for/insurtech,1970-01-01
https://risclens.com/compare/gremlin-alternatives/for/defense-tech,1970-01-01
https://risclens.com/compare/groove-alternatives/for/devtools,1970-01-01
https://risclens.com/compare/growthbook-alternatives/for/defense-tech,1970-01-01
https://risclens.com/compare/gusto-alternatives/for/digital-health,1970-01-01
https://risclens.com/compare/gusto-alternatives/for/govtech,1970-01-01
https://risclens.com/compare/harvey-ai-alternatives/for/fintech,1970-01-01
https://risclens.com/compare/harvey-ai-alternatives/for/hr-tech,1970-01-01
https://risclens.com/compare/harvey-ai-alternatives/for/marketing-ai,1970-01-01
https://risclens.com/compare/harvey-alternatives/for/devtools,1970-01-01
https://risclens.com/compare/harvey-alternatives/for/insurtech,1970-01-01
https://risclens.com/compare/harvey-alternatives/for/logistics,1970-01-01
https://risclens.com/compare/hashicorp-alternatives/for/biotech,1970-01-01
https://risclens.com/compare/heap-alternatives/for/defense-tech,1970-01-01
https://risclens.com/compare/heartflow-alternatives/for/hr-tech,1970-01-01
https://risclens.com/compare/hebbia-alternatives/for/devtools,1970-01-01
https://risclens.com/compare/helppier-alternatives/for/biotech,1970-01-01
https://risclens.com/compare/heroku-alternatives/for/insurtech,1970-01-01
https://risclens.com/compare/hetzner-alternatives/for/biotech,1970-01-01
https://risclens.com/compare/hims-hers-alternatives/for/healthcare,1970-01-01
https://risclens.com/compare/hims-hers-alternatives/for/insurtech,1970-01-01
https://risclens.com/compare/hiver-alternatives/for/digital-health,1970-01-01
https://risclens.com/compare/honeybadger-alternatives/for/logistics,1970-01-01
https://risclens.com/compare/honeybadger-alternatives/for/martech,1970-01-01
https://risclens.com/compare/hookdeck-alternatives/for/defense-tech,1970-01-01
https://risclens.com/compare/hookdeck-alternatives/for/digital-health,1970-01-01
https://risclens.com/compare/hookdeck-alternatives/for/healthcare,1970-01-01
https://risclens.com/compare/houzz-alternatives/for/fintech,1970-01-01
https://risclens.com/compare/huggingface-alternatives/for/defense-tech,1970-01-01
https://risclens.com/compare/hyperproof-alternatives/for/devtools,1970-01-01
https://risclens.com/compare/ideogram-alternatives/for/insurtech,1970-01-01
https://risclens.com/compare/ideogram-alternatives/for/saas,1970-01-01
https://risclens.com/compare/imbue-alternatives/for/crypto-web3,1970-01-01
https://risclens.com/compare/inngest-alternatives/for/martech,1970-01-01
https://risclens.com/compare/instacart-alternatives/for/insurtech,1970-01-01
https://risclens.com/compare/intel-alternatives/for/digital-health,1970-01-01
https://risclens.com/compare/intel-alternatives/for/insurtech,1970-01-01
https://risclens.com/compare/intel-alternatives/for/proptech,1970-01-01
https://risclens.com/compare/invideo-alternatives/for/ecommerce,1970-01-01
https://risclens.com/compare/invideo-alternatives/for/insurance,1970-01-01
https://risclens.com/compare/isovalent-alternatives/for/biotech,1970-01-01
https://risclens.com/compare/jasper-ai-alternatives/for/healthtech,1970-01-01
https://risclens.com/compare/jasper-ai-alternatives/for/marketing-ai,1970-01-01
https://risclens.com/compare/jasper-alternatives/for/defense-tech,1970-01-01
https://risclens.com/compare/jenkins-alternatives/for/devtools,1970-01-01
https://risclens.com/compare/jira-alternatives/for/insurtech,1970-01-01
https://risclens.com/compare/jira-alternatives/for/martech,1970-01-01
https://risclens.com/compare/jotform-alternatives/for/govtech,1970-01-01
https://risclens.com/compare/jumio-alternatives/for/biotech,1970-01-01
https://risclens.com/compare/jumio-alternatives/for/digital-health,1970-01-01
https://risclens.com/compare/jumio-alternatives/for/edtech,1970-01-01
https://risclens.com/compare/jumio-alternatives/for/insurtech,1970-01-01
https://risclens.com/compare/jumio-alternatives/for/logistics,1970-01-01
https://risclens.com/compare/jumio-alternatives/for/marketing-ai,1970-01-01
https://risclens.com/compare/juneso-alternatives/for/defense-tech,1970-01-01
https://risclens.com/compare/juneso-alternatives/for/digital-health,1970-01-01
https://risclens.com/compare/kapwing-alternatives/for/ai-ml,1970-01-01
https://risclens.com/compare/kapwing-alternatives/for/digital-health,1970-01-01
https://risclens.com/compare/kapwing-alternatives/for/proptech,1970-01-01
https://risclens.com/compare/kayak-alternatives/for/insurtech,1970-01-01
https://risclens.com/compare/keycloak-alternatives/for/biotech,1970-01-01
https://risclens.com/compare/kira-alternatives/for/biotech,1970-01-01
https://risclens.com/compare/kira-alternatives/for/govtech,1970-01-01
https://risclens.com/compare/kira-alternatives/for/martech,1970-01-01
https://risclens.com/compare/kong-alternatives/for/cybersecurity,1970-01-01
https://risclens.com/compare/kubernetes-alternatives/for/logistics,1970-01-01
https://risclens.com/compare/kustomer-alternatives/for/digital-health,1970-01-01
https://risclens.com/compare/labelbox-alternatives/for/logistics,1970-01-01
https://risclens.com/compare/labelbox-alternatives/for/martech,1970-01-01
https://risclens.com/compare/lacework-alternatives/for/defense-tech,1970-01-01
https://risclens.com/compare/laika-alternatives/for/crypto-web3,1970-01-01
https://risclens.com/compare/laika-alternatives/for/martech,1970-01-01
https://risclens.com/compare/lambda-labs-alternatives/for/insurtech,1970-01-01
https://risclens.com/compare/lambda-labs-alternatives/for/martech,1970-01-01
https://risclens.com/compare/lark-alternatives/for/ecommerce,1970-01-01
https://risclens.com/compare/launchdarkly-alternatives/for/crypto-web3,1970-01-01
https://risclens.com/compare/lawgeex-alternatives/for/insurance,1970-01-01
https://risclens.com/compare/lawgeex-alternatives/for/manufacturing,1970-01-01
https://risclens.com/compare/leanplum-alternatives/for/legaltech,1970-01-01
https://risclens.com/compare/leapsome-alternatives/for/ai-ml,1970-01-01
https://risclens.com/compare/leonardo-ai-alternatives/for/crypto-web3,1970-01-01
https://risclens.com/compare/lever-alternatives/for/crypto-web3,1970-01-01
https://risclens.com/compare/lever-alternatives/for/devtools,1970-01-01
https://risclens.com/compare/lever-hr-alternatives/for/digital-health,1970-01-01
https://risclens.com/compare/lexion-alternatives/for/biotech,1970-01-01
https://risclens.com/compare/lexion-alternatives/for/insurtech,1970-01-01
https://risclens.com/compare/linear-alternatives/for/digital-health,1970-01-01
https://risclens.com/compare/linear-alternatives/for/insurance,1970-01-01
https://risclens.com/compare/linksquares-alternatives/for/crypto-web3,1970-01-01
https://risclens.com/compare/linksquares-alternatives/for/saas,1970-01-01
https://risclens.com/compare/livechat-alternatives/for/healthtech,1970-01-01
https://risclens.com/compare/lmnt-alternatives/for/digital-health,1970-01-01
https://risclens.com/compare/logdna-alternatives/for/legaltech,1970-01-01
https://risclens.com/compare/logdna-alternatives/for/marketing-ai,1970-01-01
https://risclens.com/compare/logicgate-alternatives/for/devtools,1970-01-01
https://risclens.com/compare/logicgate-alternatives/for/healthtech,1970-01-01
https://risclens.com/compare/logicgate-alternatives/for/saas,1970-01-01
https://risclens.com/compare/loom-alternatives/for/crypto-web3,1970-01-01
https://risclens.com/compare/lucidchart-alternatives/for/gaming,1970-01-01
https://risclens.com/compare/luckyorange-alternatives/for/defense-tech,1970-01-01
https://risclens.com/compare/luckyorange-alternatives/for/digital-health,1970-01-01
https://risclens.com/compare/lumen5-alternatives/for/ai-ml,1970-01-01
https://risclens.com/compare/lumen5-alternatives/for/hr-tech,1970-01-01
https://risclens.com/compare/lumen5-alternatives/for/logistics,1970-01-01
https://risclens.com/compare/lumen5-alternatives/for/proptech,1970-01-01
https://risclens.com/compare/lumen5-alternatives/for/saas,1970-01-01
https://risclens.com/compare/magic-alternatives/for/crypto-web3,1970-01-01
https://risclens.com/compare/mailgun-alternatives/for/edtech,1970-01-01
https://risclens.com/compare/make-alternatives/for/digital-health,1970-01-01
https://risclens.com/compare/make-alternatives/for/martech,1970-01-01
https://risclens.com/compare/matchesfashion-alternatives/for/logistics,1970-01-01
https://risclens.com/compare/medusa-alternatives/for/govtech,1970-01-01
https://risclens.com/compare/meilisearch-alternatives/for/defense-tech,1970-01-01
https://risclens.com/compare/meltano-alternatives/for/digital-health,1970-01-01
https://risclens.com/compare/mend-alternatives/for/defense-tech,1970-01-01
https://risclens.com/compare/merge-alternatives/for/biotech,1970-01-01
https://risclens.com/compare/merge-dev-alternatives/for/healthcare,1970-01-01
https://risclens.com/compare/meta-alternatives/for/defense-tech,1970-01-01
https://risclens.com/compare/metricstream-alternatives/for/devtools,1970-01-01
https://risclens.com/compare/metricstream-alternatives/for/insurance,1970-01-01
https://risclens.com/compare/microsoft-alternatives/for/insurtech,1970-01-01
https://risclens.com/compare/midjourney-alternatives/for/crypto-web3,1970-01-01
https://risclens.com/compare/milanote-alternatives/for/insurance,1970-01-01
https://risclens.com/compare/milanote-alternatives/for/marketing-ai,1970-01-01
https://risclens.com/compare/milvus-alternatives/for/insurtech,1970-01-01
https://risclens.com/compare/milvus-alternatives/for/martech,1970-01-01
https://risclens.com/compare/modal-alternatives/for/digital-health,1970-01-01
https://risclens.com/compare/modern-treasury-alternatives/for/devtools,1970-01-01
https://risclens.com/compare/moengage-alternatives/for/cybersecurity,1970-01-01
https://risclens.com/compare/mollie-alternatives/for/crypto-web3,1970-01-01
https://risclens.com/compare/monitaur-alternatives/for/proptech,1970-01-01
https://risclens.com/compare/mouseflow-alternatives/for/defense-tech,1970-01-01
https://risclens.com/compare/moveworks-alternatives/for/cybersecurity,1970-01-01
https://risclens.com/compare/mparticle-alternatives/for/insurtech,1970-01-01
https://risclens.com/compare/murf-alternatives/for/defense-tech,1970-01-01
https://risclens.com/compare/murf-alternatives/for/govtech,1970-01-01
https://risclens.com/compare/murf-alternatives/for/marketing-ai,1970-01-01
https://risclens.com/compare/mycase-alternatives/for/devtools,1970-01-01
https://risclens.com/compare/mycase-alternatives/for/hr-tech,1970-01-01
https://risclens.com/compare/mycase-alternatives/for/proptech,1970-01-01
https://risclens.com/compare/namely-alternatives/for/crypto-web3,1970-01-01
https://risclens.com/compare/namely-alternatives/for/edtech,1970-01-01
https://risclens.com/compare/natera-alternatives/for/digital-health,1970-01-01
https://risclens.com/compare/neptune-ai-alternatives/for/crypto-web3,1970-01-01
https://risclens.com/compare/neptune-ai-alternatives/for/gaming,1970-01-01
https://risclens.com/compare/neptune-ai-alternatives/for/insurance,1970-01-01
https://risclens.com/compare/netlify-alternatives/for/martech,1970-01-01
https://risclens.com/compare/netskope-alternatives/for/devtools,1970-01-01
https://risclens.com/compare/new-relic-alternatives/for/gaming,1970-01-01
https://risclens.com/compare/new-relic-alternatives/for/marketing-ai,1970-01-01
https://risclens.com/compare/newrelic-alternatives/for/crypto-web3,1970-01-01
https://risclens.com/compare/noname-security-alternatives/for/digital-health,1970-01-01
https://risclens.com/compare/noom-alternatives/for/logistics,1970-01-01
https://risclens.com/compare/notable-health-alternatives/for/martech,1970-01-01
https://risclens.com/compare/notion-alternatives/for/defense-tech,1970-01-01
https://risclens.com/compare/notion-app-alternatives/for/marketing-ai,1970-01-01
https://risclens.com/compare/nubank-alternatives/for/martech,1970-01-01
https://risclens.com/compare/obsidian-alternatives/for/legaltech,1970-01-01
https://risclens.com/compare/omada-health-alternatives/for/biotech,1970-01-01
https://risclens.com/compare/onepassword-alternatives/for/gaming,1970-01-01
https://risclens.com/compare/onepassword-alternatives/for/martech,1970-01-01
https://risclens.com/compare/onesignal-alternatives/for/healthtech,1970-01-01
https://risclens.com/compare/onetrust-alternatives/for/logistics,1970-01-01
https://risclens.com/compare/onfido-alternatives/for/gaming,1970-01-01
https://risclens.com/compare/optimizely-alternatives/for/defense-tech,1970-01-01
https://risclens.com/compare/opusclip-alternatives/for/legaltech,1970-01-01
https://risclens.com/compare/oracle-cloud-alternatives/for/marketing-ai,1970-01-01
https://risclens.com/compare/oracle-hcm-alternatives/for/govtech,1970-01-01
https://risclens.com/compare/orca-security-alternatives/for/digital-health,1970-01-01
https://risclens.com/compare/osano-alternatives/for/cybersecurity,1970-01-01
https://risclens.com/compare/osano-alternatives/for/defense-tech,1970-01-01
https://risclens.com/compare/osano-alternatives/for/fintech,1970-01-01
https://risclens.com/compare/osano-alternatives/for/hr-tech,1970-01-01
https://risclens.com/compare/osano-alternatives/for/insurtech,1970-01-01
https://risclens.com/compare/oscar-health-alternatives/for/crypto-web3,1970-01-01
https://risclens.com/compare/oscar-health-alternatives/for/insurtech,1970-01-01
https://risclens.com/compare/overstock-alternatives/for/defense-tech,1970-01-01
https://risclens.com/compare/ovh-alternatives/for/biotech,1970-01-01
https://risclens.com/compare/ovh-alternatives/for/edtech,1970-01-01
https://risclens.com/compare/oyster-hr-alternatives/for/insurance,1970-01-01
https://risclens.com/compare/oysterhr-alternatives/for/digital-health,1970-01-01
https://risclens.com/compare/oysterhr-alternatives/for/martech,1970-01-01
https://risclens.com/compare/paddle-alternatives/for/logistics,1970-01-01
https://risclens.com/compare/paige-ai-alternatives/for/fintech,1970-01-01
https://risclens.com/compare/paige-ai-alternatives/for/gaming,1970-01-01
https://risclens.com/compare/paige-ai-alternatives/for/hr-tech,1970-01-01
https://risclens.com/compare/palo-alto-networks-alternatives/for/insurtech,1970-01-01
https://risclens.com/compare/panorays-alternatives/for/devtools,1970-01-01
https://risclens.com/compare/panorays-alternatives/for/insurtech,1970-01-01
https://risclens.com/compare/papaya-global-hr-alternatives/for/insurtech,1970-01-01
https://risclens.com/compare/pathai-alternatives/for/gaming,1970-01-01
https://risclens.com/compare/paycom-alternatives/for/edtech,1970-01-01
https://risclens.com/compare/paycom-alternatives/for/manufacturing,1970-01-01
https://risclens.com/compare/paylocity-alternatives/for/insurance,1970-01-01
https://risclens.com/compare/payoneer-alternatives/for/devtools,1970-01-01
https://risclens.com/compare/paypal-alternatives/for/crypto-web3,1970-01-01
https://risclens.com/compare/peakon-alternatives/for/ai-ml,1970-01-01
https://risclens.com/compare/peppertype-alternatives/for/logistics,1970-01-01
https://risclens.com/compare/peppertype-alternatives/for/saas,1970-01-01
https://risclens.com/compare/perplexity-ai-alternatives/for/hr-tech,1970-01-01
https://risclens.com/compare/pictory-alternatives/for/cybersecurity,1970-01-01
https://risclens.com/compare/pictory-alternatives/for/defense-tech,1970-01-01
https://risclens.com/compare/pictory-alternatives/for/legaltech,1970-01-01
https://risclens.com/compare/pika-alternatives/for/healthtech,1970-01-01
https://risclens.com/compare/pika-alternatives/for/marketing-ai,1970-01-01
https://risclens.com/compare/pika-alternatives/for/saas,1970-01-01
https://risclens.com/compare/pinterest-alternatives/for/defense-tech,1970-01-01
https://risclens.com/compare/playbookux-alternatives/for/logistics,1970-01-01
https://risclens.com/compare/playht-alternatives/for/manufacturing,1970-01-01
https://risclens.com/compare/pleo-alternatives/for/crypto-web3,1970-01-01
https://risclens.com/compare/pleo-alternatives/for/defense-tech,1970-01-01
https://risclens.com/compare/podium-alternatives/for/biotech,1970-01-01
https://risclens.com/compare/polyscale-alternatives/for/martech,1970-01-01
https://risclens.com/compare/ppro-alternatives/for/martech,1970-01-01
https://risclens.com/compare/practicepanther-alternatives/for/crypto-web3,1970-01-01
https://risclens.com/compare/prevalent-alternatives/for/edtech,1970-01-01
https://risclens.com/compare/prisma-alternatives/for/biotech,1970-01-01
https://risclens.com/compare/prisma-alternatives/for/ecommerce,1970-01-01
https://risclens.com/compare/prisma-alternatives/for/logistics,1970-01-01
https://risclens.com/compare/pulumi-alternatives/for/logistics,1970-01-01
https://risclens.com/compare/qdrant-alternatives/for/logistics,1970-01-01
https://risclens.com/compare/qonto-alternatives/for/proptech,1970-01-01
https://risclens.com/compare/qualified-alternatives/for/crypto-web3,1970-01-01
https://risclens.com/compare/qualified-alternatives/for/gaming,1970-01-01
https://risclens.com/compare/qualified-alternatives/for/healthcare,1970-01-01
https://risclens.com/compare/qualys-alternatives/for/defense-tech,1970-01-01
https://risclens.com/compare/qualys-alternatives/for/ecommerce,1970-01-01
https://risclens.com/compare/quillbot-alternatives/for/healthcare,1970-01-01
https://risclens.com/compare/quillbot-alternatives/for/legaltech,1970-01-01
https://risclens.com/compare/qure-ai-alternatives/for/insurtech,1970-01-01
https://risclens.com/compare/qure-ai-alternatives/for/logistics,1970-01-01
https://risclens.com/compare/qure-ai-alternatives/for/proptech,1970-01-01
https://risclens.com/compare/railway-alternatives/for/defense-tech,1970-01-01
https://risclens.com/compare/ramp-alternatives/for/crypto-web3,1970-01-01
https://risclens.com/compare/rapid7-alternatives/for/martech,1970-01-01
https://risclens.com/compare/raygun-alternatives/for/biotech,1970-01-01
https://risclens.com/compare/raygun-alternatives/for/devtools,1970-01-01
https://risclens.com/compare/read-ai-alternatives/for/gaming,1970-01-01
https://risclens.com/compare/reamaze-alternatives/for/biotech,1970-01-01
https://risclens.com/compare/reamaze-alternatives/for/logistics,1970-01-01
https://risclens.com/compare/reciprocity-alternatives/for/digital-health,1970-01-01
https://risclens.com/compare/reciprocity-alternatives/for/hr-tech,1970-01-01
https://risclens.com/compare/reciprocity-alternatives/for/proptech,1970-01-01
https://risclens.com/compare/recurly-alternatives/for/insurtech,1970-01-01
https://risclens.com/compare/redis-alternatives/for/devtools,1970-01-01
https://risclens.com/compare/redis-alternatives/for/insurtech,1970-01-01
https://risclens.com/compare/relay-alternatives/for/devtools,1970-01-01
https://risclens.com/compare/relay-alternatives/for/logistics,1970-01-01
https://risclens.com/compare/remitly-alternatives/for/fintech,1970-01-01
https://risclens.com/compare/remote-com-alternatives/for/martech,1970-01-01
https://risclens.com/compare/render-alternatives/for/logistics,1970-01-01
https://risclens.com/compare/replicate-alternatives/for/devtools,1970-01-01
https://risclens.com/compare/resemble-alternatives/for/fintech,1970-01-01
https://risclens.com/compare/resemble-alternatives/for/gaming,1970-01-01
https://risclens.com/compare/resolver-alternatives/for/digital-health,1970-01-01
https://risclens.com/compare/rippling-alternatives/for/biotech,1970-01-01
https://risclens.com/compare/rippling-alternatives/for/insurtech,1970-01-01
https://risclens.com/compare/riskified-alternatives/for/logistics,1970-01-01
https://risclens.com/compare/riskified-alternatives/for/saas,1970-01-01
https://risclens.com/compare/riskrecon-alternatives/for/manufacturing,1970-01-01
https://risclens.com/compare/ro-alternatives/for/insurtech,1970-01-01
https://risclens.com/compare/roam-alternatives/for/biotech,1970-01-01
https://risclens.com/compare/roam-alternatives/for/gaming,1970-01-01
https://risclens.com/compare/roam-alternatives/for/legaltech,1970-01-01
https://risclens.com/compare/robinhood-alternatives/for/logistics,1970-01-01
https://risclens.com/compare/rollbar-alternatives/for/logistics,1970-01-01
https://risclens.com/compare/rutter-alternatives/for/defense-tech,1970-01-01
https://risclens.com/compare/rytr-alternatives/for/healthtech,1970-01-01
https://risclens.com/compare/salesforce-alternatives/for/martech,1970-01-01
https://risclens.com/compare/sardine-alternatives/for/cybersecurity,1970-01-01
https://risclens.com/compare/sardine-alternatives/for/legaltech,1970-01-01
https://risclens.com/compare/sardine-alternatives/for/manufacturing,1970-01-01
https://risclens.com/compare/scale-ai-alternatives/for/logistics,1970-01-01
https://risclens.com/compare/scrintal-alternatives/for/legaltech,1970-01-01
https://risclens.com/compare/scrintal-alternatives/for/logistics,1970-01-01
https://risclens.com/compare/scrintal-alternatives/for/proptech,1970-01-01
https://risclens.com/compare/scylladb-alternatives/for/biotech,1970-01-01
https://risclens.com/compare/scylladb-alternatives/for/devtools,1970-01-01
https://risclens.com/compare/scylladb-alternatives/for/digital-health,1970-01-01
https://risclens.com/compare/secureframe-compliance-alternatives/for/ai-ml,1970-01-01
https://risclens.com/compare/secureframe-vs-drata/for/biotech,1970-01-01
https://risclens.com/compare/secureframe-vs-thoropass/for/digital-health,1970-01-01
https://risclens.com/compare/secureframe-vs-vanta/for/defense-tech,1970-01-01
https://risclens.com/compare/securiti-alternatives/for/manufacturing,1970-01-01
https://risclens.com/compare/securityscorecard-alternatives/for/healthcare,1970-01-01
https://risclens.com/compare/securityscorecard-alternatives/for/hr-tech,1970-01-01
https://risclens.com/compare/securityscorecard-alternatives/for/proptech,1970-01-01
https://risclens.com/compare/segment-alternatives/for/logistics,1970-01-01
https://risclens.com/compare/sendbird-alternatives/for/healthtech,1970-01-01
https://risclens.com/compare/sendgrid-alternatives/for/insurtech,1970-01-01
https://risclens.com/compare/sentinelone-alternatives/for/devtools,1970-01-01
https://risclens.com/compare/sentinelone-alternatives/for/healthtech,1970-01-01
https://risclens.com/compare/servicenow-grc-alternatives/for/digital-health,1970-01-01
https://risclens.com/compare/servicenow-grc-alternatives/for/manufacturing,1970-01-01
https://risclens.com/compare/shein-alternatives/for/insurtech,1970-01-01
https://risclens.com/compare/sift-alternatives/for/crypto-web3,1970-01-01
https://risclens.com/compare/sift-alternatives/for/gaming,1970-01-01
https://risclens.com/compare/sift-alternatives/for/govtech,1970-01-01
https://risclens.com/compare/sift-alternatives/for/proptech,1970-01-01
https://risclens.com/compare/signnow-alternatives/for/saas,1970-01-01
https://risclens.com/compare/skyscanner-alternatives/for/digital-health,1970-01-01
https://risclens.com/compare/slack-alternatives/for/digital-health,1970-01-01
https://risclens.com/compare/smartkarrot-alternatives/for/digital-health,1970-01-01
https://risclens.com/compare/smartsheet-alternatives/for/insurtech,1970-01-01
https://risclens.com/compare/smartsheet-alternatives/for/manufacturing,1970-01-01
https://risclens.com/compare/snorkel-ai-alternatives/for/govtech,1970-01-01
https://risclens.com/compare/snorkel-ai-alternatives/for/healthcare,1970-01-01
https://risclens.com/compare/socure-alternatives/for/proptech,1970-01-01
https://risclens.com/compare/sonarqube-alternatives/for/ai-ml,1970-01-01
https://risclens.com/compare/sonatype-alternatives/for/biotech,1970-01-01
https://risclens.com/compare/sonatype-alternatives/for/cybersecurity,1970-01-01
https://risclens.com/compare/sophos-alternatives/for/devtools,1970-01-01
https://risclens.com/compare/sourcegraph-alternatives/for/digital-health,1970-01-01
https://risclens.com/compare/spatialchat-alternatives/for/biotech,1970-01-01
https://risclens.com/compare/speechify-alternatives/for/healthcare,1970-01-01
https://risclens.com/compare/speechify-alternatives/for/insurtech,1970-01-01
https://risclens.com/compare/speechify-alternatives/for/manufacturing,1970-01-01
https://risclens.com/compare/spendesk-alternatives/for/biotech,1970-01-01
https://risclens.com/compare/spendesk-alternatives/for/crypto-web3,1970-01-01
https://risclens.com/compare/spendesk-alternatives/for/defense-tech,1970-01-01
https://risclens.com/compare/split-io-alternatives/for/devtools,1970-01-01
https://risclens.com/compare/split-io-alternatives/for/govtech,1970-01-01
https://risclens.com/compare/split-io-alternatives/for/healthcare,1970-01-01
https://risclens.com/compare/spotify-alternatives/for/insurtech,1970-01-01
https://risclens.com/compare/sprig-alternatives/for/biotech,1970-01-01
https://risclens.com/compare/sprig-alternatives/for/insurtech,1970-01-01
https://risclens.com/compare/sprig-alternatives/for/martech,1970-01-01
https://risclens.com/compare/spring-health-alternatives/for/logistics,1970-01-01
https://risclens.com/compare/sprinto-alternatives/for/crypto-web3,1970-01-01
https://risclens.com/compare/sprinto-vs-drata/for/defense-tech,1970-01-01
https://risclens.com/compare/sprinto-vs-drata/for/devtools,1970-01-01
https://risclens.com/compare/sprinto-vs-secureframe/for/crypto-web3,1970-01-01
https://risclens.com/compare/sprinto-vs-secureframe/for/defense-tech,1970-01-01
https://risclens.com/compare/sprinto-vs-vanta/for/digital-health,1970-01-01
https://risclens.com/compare/square-alternatives/for/crypto-web3,1970-01-01
https://risclens.com/compare/ssh-alternatives/for/insurtech,1970-01-01
https://risclens.com/compare/stampli-alternatives/for/manufacturing,1970-01-01
https://risclens.com/compare/standardfusion-alternatives/for/edtech,1970-01-01
https://risclens.com/compare/standardfusion-alternatives/for/proptech,1970-01-01
https://risclens.com/compare/starling-bank-alternatives/for/devtools,1970-01-01
https://risclens.com/compare/starling-bank-alternatives/for/logistics,1970-01-01
https://risclens.com/compare/statsig-alternatives/for/insurtech,1970-01-01
https://risclens.com/compare/steadybit-alternatives/for/logistics,1970-01-01
https://risclens.com/compare/strikedeck-alternatives/for/crypto-web3,1970-01-01
https://risclens.com/compare/stytch-alternatives/for/devtools,1970-01-01
https://risclens.com/compare/successfactors-alternatives/for/digital-health,1970-01-01
https://risclens.com/compare/successfactors-alternatives/for/logistics,1970-01-01
https://risclens.com/compare/sumsub-alternatives/for/logistics,1970-01-01
https://risclens.com/compare/sumsub-alternatives/for/marketing-ai,1970-01-01
https://risclens.com/compare/supabase-alternatives/for/biotech,1970-01-01
https://risclens.com/compare/supabase-alternatives/for/govtech,1970-01-01
https://risclens.com/compare/superblocks-alternatives/for/legaltech,1970-01-01
https://risclens.com/compare/surveymonkey-alternatives/for/healthcare,1970-01-01
https://risclens.com/compare/svix-alternatives/for/crypto-web3,1970-01-01
https://risclens.com/compare/swell-alternatives/for/healthtech,1970-01-01
https://risclens.com/compare/swell-alternatives/for/insurtech,1970-01-01
https://risclens.com/compare/synthesia-alternatives/for/cybersecurity,1970-01-01
https://risclens.com/compare/synthesia-alternatives/for/edtech,1970-01-01
https://risclens.com/compare/tailscale-alternatives/for/defense-tech,1970-01-01
https://risclens.com/compare/tally-alternatives/for/hr-tech,1970-01-01
https://risclens.com/compare/tally-alternatives/for/saas,1970-01-01
https://risclens.com/compare/tana-alternatives/for/gaming,1970-01-01
https://risclens.com/compare/tana-alternatives/for/insurance,1970-01-01
https://risclens.com/compare/tanium-alternatives/for/logistics,1970-01-01
https://risclens.com/compare/tawkto-alternatives/for/ai-ml,1970-01-01
https://risclens.com/compare/tawkto-alternatives/for/cybersecurity,1970-01-01
https://risclens.com/compare/tawkto-alternatives/for/edtech,1970-01-01
https://risclens.com/compare/tawkto-alternatives/for/insurtech,1970-01-01
https://risclens.com/compare/teamflow-alternatives/for/insurtech,1970-01-01
https://risclens.com/compare/teamgantt-alternatives/for/fintech,1970-01-01
https://risclens.com/compare/teampay-alternatives/for/devtools,1970-01-01
https://risclens.com/compare/tecton-alternatives/for/cybersecurity,1970-01-01
https://risclens.com/compare/tecton-alternatives/for/edtech,1970-01-01
https://risclens.com/compare/tecton-alternatives/for/hr-tech,1970-01-01
https://risclens.com/compare/temporal-alternatives/for/govtech,1970-01-01
https://risclens.com/compare/tencent-cloud-alternatives/for/govtech,1970-01-01
https://risclens.com/compare/tencent-cloud-alternatives/for/marketing-ai,1970-01-01
https://risclens.com/compare/terminus-alternatives/for/legaltech,1970-01-01
https://risclens.com/compare/tessian-alternatives/for/digital-health,1970-01-01
https://risclens.com/compare/tessian-alternatives/for/logistics,1970-01-01
https://risclens.com/compare/thoropass-alternatives/for/insurtech,1970-01-01
https://risclens.com/compare/thoropass-vs-drata/for/insurtech,1970-01-01
https://risclens.com/compare/thoropass-vs-sprinto/for/biotech,1970-01-01
https://risclens.com/compare/thoughtspot-alternatives/for/logistics,1970-01-01
https://risclens.com/compare/thoughtspot-alternatives/for/proptech,1970-01-01
https://risclens.com/compare/tidio-alternatives/for/digital-health,1970-01-01
https://risclens.com/compare/tigera-alternatives/for/crypto-web3,1970-01-01
https://risclens.com/compare/tigera-alternatives/for/defense-tech,1970-01-01
https://risclens.com/compare/timescale-alternatives/for/devtools,1970-01-01
https://risclens.com/compare/timescale-alternatives/for/insurtech,1970-01-01
https://risclens.com/compare/toast-alternatives/for/defense-tech,1970-01-01
https://risclens.com/compare/tooljet-alternatives/for/devtools,1970-01-01
https://risclens.com/compare/tooljet-alternatives/for/insurtech,1970-01-01
https://risclens.com/compare/transcend-alternatives/for/gaming,1970-01-01
https://risclens.com/compare/travelperk-alternatives/for/biotech,1970-01-01
https://risclens.com/compare/travis-ci-alternatives/for/devtools,1970-01-01
https://risclens.com/compare/tray-io-alternatives/for/saas,1970-01-01
https://risclens.com/compare/treasury-prime-alternatives/for/martech,1970-01-01
https://risclens.com/compare/trello-alternatives/for/crypto-web3,1970-01-01
https://risclens.com/compare/trend-micro-alternatives/for/crypto-web3,1970-01-01
https://risclens.com/compare/trend-micro-alternatives/for/martech,1970-01-01
https://risclens.com/compare/trigger-dev-alternatives/for/logistics,1970-01-01
https://risclens.com/compare/tripadvisor-alternatives/for/insurtech,1970-01-01
https://risclens.com/compare/trm-labs-alternatives/for/insurtech,1970-01-01
https://risclens.com/compare/truera-alternatives/for/crypto-web3,1970-01-01
https://risclens.com/compare/trustarc-alternatives/for/crypto-web3,1970-01-01
https://risclens.com/compare/trustarc-alternatives/for/defense-tech,1970-01-01
https://risclens.com/compare/trustarc-alternatives/for/govtech,1970-01-01
https://risclens.com/compare/trustarc-alternatives/for/marketing-ai,1970-01-01
https://risclens.com/compare/twilio-alternatives/for/insurtech,1970-01-01
https://risclens.com/compare/twilio-alternatives/for/logistics,1970-01-01
https://risclens.com/compare/twingate-alternatives/for/defense-tech,1970-01-01
https://risclens.com/compare/tyk-alternatives/for/crypto-web3,1970-01-01
https://risclens.com/compare/typeform-surveys-alternatives/for/biotech,1970-01-01
https://risclens.com/compare/uipath-alternatives/for/insurtech,1970-01-01
https://risclens.com/compare/unit-alternatives/for/devtools,1970-01-01
https://risclens.com/compare/unity-alternatives/for/devtools,1970-01-01
https://risclens.com/compare/unleash-alternatives/for/insurtech,1970-01-01
https://risclens.com/compare/unstructured-io-alternatives/for/crypto-web3,1970-01-01
https://risclens.com/compare/unstructured-io-alternatives/for/manufacturing,1970-01-01
https://risclens.com/compare/upcloud-alternatives/for/devtools,1970-01-01
https://risclens.com/compare/upguard-alternatives/for/defense-tech,1970-01-01
https://risclens.com/compare/upguard-alternatives/for/proptech,1970-01-01
https://risclens.com/compare/upstash-alternatives/for/crypto-web3,1970-01-01
https://risclens.com/compare/upwork-alternatives/for/crypto-web3,1970-01-01
https://risclens.com/compare/upwork-alternatives/for/devtools,1970-01-01
https://risclens.com/compare/userguiding-alternatives/for/martech,1970-01-01
https://risclens.com/compare/validmind-alternatives/for/ecommerce,1970-01-01
https://risclens.com/compare/vanta-alternatives,1970-01-01
https://risclens.com/compare/vanta-alternatives/for/defense-tech,1970-01-01
https://risclens.com/compare/vanta-compliance-alternatives/for/cybersecurity,1970-01-01
https://risclens.com/compare/vanta-vs-drata/for/martech,1970-01-01
https://risclens.com/compare/vanta-vs-secureframe/for/biotech,1970-01-01
https://risclens.com/compare/veeva-alternatives/for/defense-tech,1970-01-01
https://risclens.com/compare/veeva-alternatives/for/insurtech,1970-01-01
https://risclens.com/compare/veriff-alternatives/for/legaltech,1970-01-01
https://risclens.com/compare/verkada-alternatives/for/martech,1970-01-01
https://risclens.com/compare/vgs-alternatives/for/devtools,1970-01-01
https://risclens.com/compare/vgs-alternatives/for/insurtech,1970-01-01
https://risclens.com/compare/vgs-alternatives/for/saas,1970-01-01
https://risclens.com/compare/vic-ai-alternatives/for/defense-tech,1970-01-01
https://risclens.com/compare/victoriametrics-alternatives/for/digital-health,1970-01-01
https://risclens.com/compare/viz-ai-alternatives/for/defense-tech,1970-01-01
https://risclens.com/compare/viz-ai-alternatives/for/edtech,1970-01-01
https://risclens.com/compare/viz-ai-alternatives/for/healthtech,1970-01-01
https://risclens.com/compare/viz-ai-alternatives/for/insurtech,1970-01-01
https://risclens.com/compare/viz-ai-alternatives/for/marketing-ai,1970-01-01
https://risclens.com/compare/vmware-alternatives/for/biotech,1970-01-01
https://risclens.com/compare/walkme-alternatives/for/biotech,1970-01-01
https://risclens.com/compare/weaviate-alternatives/for/digital-health,1970-01-01
https://risclens.com/compare/webengage-alternatives/for/cybersecurity,1970-01-01
https://risclens.com/compare/webengage-alternatives/for/defense-tech,1970-01-01
https://risclens.com/compare/webengage-alternatives/for/edtech,1970-01-01
https://risclens.com/compare/webengage-alternatives/for/gaming,1970-01-01
https://risclens.com/compare/webengage-alternatives/for/insurance,1970-01-01
https://risclens.com/compare/webengage-alternatives/for/marketing-ai,1970-01-01
https://risclens.com/compare/webex-alternatives/for/biotech,1970-01-01
https://risclens.com/compare/weights-and-biases-alternatives/for/devtools,1970-01-01
https://risclens.com/compare/whistic-alternatives/for/insurtech,1970-01-01
https://risclens.com/compare/wordtune-alternatives/for/biotech,1970-01-01
https://risclens.com/compare/workato-alternatives/for/logistics,1970-01-01
https://risclens.com/compare/workday-alternatives/for/devtools,1970-01-01
https://risclens.com/compare/workiva-alternatives/for/gaming,1970-01-01
https://risclens.com/compare/workos-alternatives/for/devtools,1970-01-01
https://risclens.com/compare/wrike-alternatives/for/biotech,1970-01-01
https://risclens.com/compare/writer-ai-alternatives/for/manufacturing,1970-01-01
https://risclens.com/compare/writer-alternatives/for/crypto-web3,1970-01-01
https://risclens.com/compare/writer-alternatives/for/martech,1970-01-01
https://risclens.com/compare/xai-alternatives/for/digital-health,1970-01-01
https://risclens.com/compare/xai-alternatives/for/logistics,1970-01-01
https://risclens.com/compare/xai-alternatives/for/marketing-ai,1970-01-01
https://risclens.com/compare/xai-alternatives/for/saas,1970-01-01
https://risclens.com/compare/yardi-alternatives/for/digital-health,1970-01-01
https://risclens.com/compare/zalando-alternatives/for/crypto-web3,1970-01-01
https://risclens.com/compare/zalando-alternatives/for/insurtech,1970-01-01
https://risclens.com/compare/zendesk-alternatives/for/defense-tech,1970-01-01
https://risclens.com/compare/zoho-alternatives/for/govtech,1970-01-01
https://risclens.com/compare/zoom-alternatives/for/digital-health,1970-01-01
https://risclens.com/compare/zoominfo-alternatives/for/crypto-web3,1970-01-01
https://risclens.com/compare/zoominfo-alternatives/for/martech,1970-01-01
https://risclens.com/compliance/directory/clerk,1970-01-01
https://risclens.com/compliance/directory/linksquares,1970-01-01
https://risclens.com/compliance/directory/mixpanel,1970-01-01
https://risclens.com/compliance/directory/pusher,1970-01-01
https://risclens.com/compliance/directory/salesloft,1970-01-01
https://risclens.com/compliance/directory/segment,1970-01-01
https://risclens.com/compliance/directory/signifyd,1970-01-01
https://risclens.com/compliance/directory/vercel,1970-01-01
https://risclens.com/compliance/directory/zillow,1970-01-01
https://risclens.com/eu-ai-act/ai-incident-response/defense-tech,1970-01-01
https://risclens.com/eu-ai-act/ai-risk-classification/defense-tech,1970-01-01
https://risclens.com/eu-ai-act/ai-risk-classification/manufacturing,1970-01-01
https://risclens.com/eu-ai-act/ai-vendor-assessment/defense-tech,1970-01-01
https://risclens.com/eu-ai-act/auditor-selection/digital-health,1970-01-01
https://risclens.com/eu-ai-act/bias-detection/ai-ml,1970-01-01
https://risclens.com/eu-ai-act/checklist/logistics,1970-01-01
https://risclens.com/eu-ai-act/compliance-roadmap/edtech,1970-01-01
https://risclens.com/eu-ai-act/compliance-roadmap/hr-tech,1970-01-01
https://risclens.com/eu-ai-act/compliance-roadmap/manufacturing,1970-01-01
https://risclens.com/eu-ai-act/compliance/biotech,1970-01-01
https://risclens.com/eu-ai-act/controls-mapping/defense-tech,1970-01-01
https://risclens.com/eu-ai-act/cost-calculator/cybersecurity,1970-01-01
https://risclens.com/eu-ai-act/cost-calculator/govtech,1970-01-01
https://risclens.com/eu-ai-act/cost-calculator/healthcare,1970-01-01
https://risclens.com/eu-ai-act/cost-calculator/legaltech,1970-01-01
https://risclens.com/eu-ai-act/cost-calculator/logistics,1970-01-01
https://risclens.com/eu-ai-act/cost-calculator/marketing-ai,1970-01-01
https://risclens.com/eu-ai-act/cost-calculator/martech,1970-01-01
https://risclens.com/eu-ai-act/explainability-requirements/digital-health,1970-01-01
https://risclens.com/eu-ai-act/human-oversight/proptech,1970-01-01
https://risclens.com/eu-ai-act/implementation-guide/healthcare,1970-01-01
https://risclens.com/eu-ai-act/implementation-guide/insurtech,1970-01-01
https://risclens.com/eu-ai-act/migration/defense-tech,1970-01-01
https://risclens.com/eu-ai-act/migration/logistics,1970-01-01
https://risclens.com/eu-ai-act/migration/martech,1970-01-01
https://risclens.com/eu-ai-act/model-governance/crypto-web3,1970-01-01
https://risclens.com/eu-ai-act/model-governance/govtech,1970-01-01
https://risclens.com/eu-ai-act/model-monitoring/crypto-web3,1970-01-01
https://risclens.com/eu-ai-act/model-monitoring/cybersecurity,1970-01-01
https://risclens.com/eu-ai-act/readiness-checklist/logistics,1970-01-01
https://risclens.com/eu-ai-act/readiness/biotech,1970-01-01
https://risclens.com/eu-ai-act/readiness/crypto-web3,1970-01-01
https://risclens.com/eu-ai-act/risk-assessment/martech,1970-01-01
https://risclens.com/eu-ai-act/roi-analysis/defense-tech,1970-01-01
https://risclens.com/eu-ai-act/roi-analysis/ecommerce,1970-01-01
https://risclens.com/eu-ai-act/roi-analysis/hr-tech,1970-01-01
https://risclens.com/eu-ai-act/timeline-estimator/fintech,1970-01-01
https://risclens.com/eu-ai-act/timeline-estimator/gaming,1970-01-01
https://risclens.com/eu-ai-act/timeline-estimator/logistics,1970-01-01
https://risclens.com/eu-ai-act/timeline-estimator/martech,1970-01-01
https://risclens.com/eu-ai-act/tool-selection/crypto-web3,1970-01-01
https://risclens.com/eu-ai-act/tool-selection/insurtech,1970-01-01
https://risclens.com/eu-ai-act/tool-selection/martech,1970-01-01
https://risclens.com/gdpr/ai-incident-response/edtech,1970-01-01
https://risclens.com/gdpr/ai-incident-response/legaltech,1970-01-01
https://risclens.com/gdpr/ai-policy-development/ai-ml,1970-01-01
https://risclens.com/gdpr/ai-risk-classification/defense-tech,1970-01-01
https://risclens.com/gdpr/audit-prep/cybersecurity,1970-01-01
https://risclens.com/gdpr/auditor-selection/digital-health,1970-01-01
https://risclens.com/gdpr/bias-detection/crypto-web3,1970-01-01
https://risclens.com/gdpr/bias-detection/healthcare,1970-01-01
https://risclens.com/gdpr/checklist/biotech,1970-01-01
https://risclens.com/gdpr/checklist/insurtech,1970-01-01
https://risclens.com/gdpr/checklist/martech,1970-01-01
https://risclens.com/gdpr/compliance-roadmap/legaltech,1970-01-01
https://risclens.com/gdpr/controls-mapping/insurance,1970-01-01
https://risclens.com/gdpr/controls-mapping/saas,1970-01-01
https://risclens.com/gdpr/cost-calculator/govtech,1970-01-01
https://risclens.com/gdpr/data-governance/logistics,1970-01-01
https://risclens.com/gdpr/data-governance/marketing-ai,1970-01-01
https://risclens.com/gdpr/explainability-requirements/biotech,1970-01-01
https://risclens.com/gdpr/explainability-requirements/edtech,1970-01-01
https://risclens.com/gdpr/for/account-executive/devtools,1970-01-01
https://risclens.com/gdpr/for/ai-compliance-manager/crypto-web3,1970-01-01
https://risclens.com/gdpr/for/ai-compliance-manager/saas,1970-01-01
https://risclens.com/gdpr/for/ai-ethics-officer/ai-ml,1970-01-01
https://risclens.com/gdpr/for/ai-governance-analyst/crypto-web3,1970-01-01
https://risclens.com/gdpr/for/ai-governance-analyst/devtools,1970-01-01
https://risclens.com/gdpr/for/backend-engineer/defense-tech,1970-01-01
https://risclens.com/gdpr/for/cfo/biotech,1970-01-01
https://risclens.com/gdpr/for/cfo/martech,1970-01-01
https://risclens.com/gdpr/for/devops/digital-health,1970-01-01
https://risclens.com/gdpr/for/founder/biotech,1970-01-01
https://risclens.com/gdpr/for/founder/digital-health,1970-01-01
https://risclens.com/gdpr/for/mlops-engineer/cybersecurity,1970-01-01
https://risclens.com/gdpr/for/mlops-engineer/digital-health,1970-01-01
https://risclens.com/gdpr/for/mlops-engineer/edtech,1970-01-01
https://risclens.com/gdpr/for/security-architect/crypto-web3,1970-01-01
https://risclens.com/gdpr/for/vp-engineering/insurtech,1970-01-01
https://risclens.com/gdpr/for/vp-sales/logistics,1970-01-01
https://risclens.com/gdpr/human-oversight/insurtech,1970-01-01
https://risclens.com/gdpr/implementation-guide/ecommerce,1970-01-01
https://risclens.com/gdpr/model-governance/biotech,1970-01-01
https://risclens.com/gdpr/model-governance/crypto-web3,1970-01-01
https://risclens.com/gdpr/model-governance/defense-tech,1970-01-01
https://risclens.com/gdpr/timeline-estimator/fintech,1970-01-01
https://risclens.com/gdpr/timeline-estimator/insurance,1970-01-01
https://risclens.com/gdpr/tool-selection/digital-health,1970-01-01
https://risclens.com/hipaa/ai-incident-response/insurance,1970-01-01
https://risclens.com/hipaa/ai-incident-response/manufacturing,1970-01-01
https://risclens.com/hipaa/ai-policy-development/cybersecurity,1970-01-01
https://risclens.com/hipaa/ai-risk-classification/biotech,1970-01-01
https://risclens.com/hipaa/ai-risk-classification/defense-tech,1970-01-01
https://risclens.com/hipaa/ai-risk-classification/gaming,1970-01-01
https://risclens.com/hipaa/ai-vendor-assessment/insurance,1970-01-01
https://risclens.com/hipaa/ai-vendor-assessment/manufacturing,1970-01-01
https://risclens.com/hipaa/auditor-selection/martech,1970-01-01
https://risclens.com/hipaa/compliance-roadmap/logistics,1970-01-01
https://risclens.com/hipaa/controls-mapping/insurtech,1970-01-01
https://risclens.com/hipaa/controls-mapping/saas,1970-01-01
https://risclens.com/hipaa/cost-calculator/digital-health,1970-01-01
https://risclens.com/hipaa/data-governance/ai-ml,1970-01-01
https://risclens.com/hipaa/data-governance/fintech,1970-01-01
https://risclens.com/hipaa/data-governance/hr-tech,1970-01-01
https://risclens.com/hipaa/data-governance/insurtech,1970-01-01
https://risclens.com/hipaa/data-governance/logistics,1970-01-01
https://risclens.com/hipaa/explainability-requirements/healthcare,1970-01-01
https://risclens.com/hipaa/for/ai-compliance-manager/marketing-ai,1970-01-01
https://risclens.com/hipaa/for/ai-ethics-officer/ecommerce,1970-01-01
https://risclens.com/hipaa/for/ai-governance-analyst/biotech,1970-01-01
https://risclens.com/hipaa/for/ai-governance-analyst/martech,1970-01-01
https://risclens.com/hipaa/for/ai-product-manager/healthtech,1970-01-01
https://risclens.com/hipaa/for/ai-risk-analyst/ai-ml,1970-01-01
https://risclens.com/hipaa/for/ai-risk-analyst/saas,1970-01-01
https://risclens.com/hipaa/for/auditor/digital-health,1970-01-01
https://risclens.com/hipaa/for/auditor/logistics,1970-01-01
https://risclens.com/hipaa/for/ceo/martech,1970-01-01
https://risclens.com/hipaa/for/cmo/martech,1970-01-01
https://risclens.com/hipaa/for/cto/crypto-web3,1970-01-01
https://risclens.com/hipaa/for/devops/logistics,1970-01-01
https://risclens.com/hipaa/for/legal-counsel/crypto-web3,1970-01-01
https://risclens.com/hipaa/for/mlops-engineer/defense-tech,1970-01-01
https://risclens.com/hipaa/for/risk-manager/martech,1970-01-01
https://risclens.com/hipaa/for/vp-engineering/digital-health,1970-01-01
https://risclens.com/hipaa/for/vp-engineering/logistics,1970-01-01
https://risclens.com/hipaa/human-oversight/hr-tech,1970-01-01
https://risclens.com/hipaa/human-oversight/insurtech,1970-01-01
https://risclens.com/hipaa/model-monitoring/ecommerce,1970-01-01
https://risclens.com/hipaa/risk-assessment/defense-tech,1970-01-01
https://risclens.com/hipaa/risk-assessment/digital-health,1970-01-01
https://risclens.com/hipaa/roi-analysis/govtech,1970-01-01
https://risclens.com/hipaa/timeline-estimator/healthcare,1970-01-01
https://risclens.com/hipaa/timeline-estimator/manufacturing,1970-01-01
https://risclens.com/iso-27001/ai-incident-response/ai-ml,1970-01-01
https://risclens.com/iso-27001/ai-incident-response/insurtech,1970-01-01
https://risclens.com/iso-27001/ai-policy-development/ecommerce,1970-01-01
https://risclens.com/iso-27001/ai-risk-classification/govtech,1970-01-01
https://risclens.com/iso-27001/ai-risk-classification/manufacturing,1970-01-01
https://risclens.com/iso-27001/ai-risk-classification/martech,1970-01-01
https://risclens.com/iso-27001/ai-vendor-assessment/healthcare,1970-01-01
https://risclens.com/iso-27001/audit-prep/insurtech,1970-01-01
https://risclens.com/iso-27001/bias-detection/martech,1970-01-01
https://risclens.com/iso-27001/compliance-roadmap/govtech,1970-01-01
https://risclens.com/iso-27001/compliance-roadmap/saas,1970-01-01
https://risclens.com/iso-27001/compliance/digital-health,1970-01-01
https://risclens.com/iso-27001/controls-mapping/legaltech,1970-01-01
https://risclens.com/iso-27001/cost-calculator/ai-ml,1970-01-01
https://risclens.com/iso-27001/cost/crypto-web3,1970-01-01
https://risclens.com/iso-27001/data-governance/crypto-web3,1970-01-01
https://risclens.com/iso-27001/data-governance/fintech,1970-01-01
https://risclens.com/iso-27001/explainability-requirements/legaltech,1970-01-01
https://risclens.com/iso-27001/for/ai-compliance-manager/hr-tech,1970-01-01
https://risclens.com/iso-27001/for/ai-ethics-officer/insurance,1970-01-01
https://risclens.com/iso-27001/for/ai-governance-analyst/digital-health,1970-01-01
https://risclens.com/iso-27001/for/ai-governance-analyst/govtech,1970-01-01
https://risclens.com/iso-27001/for/ai-product-manager/devtools,1970-01-01
https://risclens.com/iso-27001/for/ai-product-manager/insurtech,1970-01-01
https://risclens.com/iso-27001/for/ai-product-manager/logistics,1970-01-01
https://risclens.com/iso-27001/for/cfo/crypto-web3,1970-01-01
https://risclens.com/iso-27001/for/chief-ai-officer/logistics,1970-01-01
https://risclens.com/iso-27001/for/ciso/crypto-web3,1970-01-01
https://risclens.com/iso-27001/for/ciso/martech,1970-01-01
https://risclens.com/iso-27001/for/cmo/digital-health,1970-01-01
https://risclens.com/iso-27001/for/data-scientist/ai-ml,1970-01-01
https://risclens.com/iso-27001/for/founder/crypto-web3,1970-01-01
https://risclens.com/iso-27001/for/head-of-product/logistics,1970-01-01
https://risclens.com/iso-27001/for/mlops-engineer/proptech,1970-01-01
https://risclens.com/iso-27001/for/responsible-ai-lead/edtech,1970-01-01
https://risclens.com/iso-27001/for/vp-sales/defense-tech,1970-01-01
https://risclens.com/iso-27001/human-oversight/biotech,1970-01-01
https://risclens.com/iso-27001/implementation-guide/govtech,1970-01-01
https://risclens.com/iso-27001/implementation-guide/logistics,1970-01-01
https://risclens.com/iso-27001/implementation-guide/martech,1970-01-01
https://risclens.com/iso-27001/model-governance/crypto-web3,1970-01-01
https://risclens.com/iso-27001/model-monitoring/crypto-web3,1970-01-01
https://risclens.com/iso-27001/model-monitoring/gaming,1970-01-01
https://risclens.com/iso-27001/model-monitoring/healthtech,1970-01-01
https://risclens.com/iso-27001/model-monitoring/proptech,1970-01-01
https://risclens.com/iso-27001/readiness-checklist/crypto-web3,1970-01-01
https://risclens.com/iso-27001/roi-analysis/martech,1970-01-01
https://risclens.com/iso-27001/timeline-estimator/insurtech,1970-01-01
https://risclens.com/iso-27001/timeline/biotech,1970-01-01
https://risclens.com/iso-42001/ai-incident-response/digital-health,1970-01-01
https://risclens.com/iso-42001/ai-incident-response/hr-tech,1970-01-01
https://risclens.com/iso-42001/ai-policy-development/digital-health,1970-01-01
https://risclens.com/iso-42001/ai-risk-classification/edtech,1970-01-01
https://risclens.com/iso-42001/ai-risk-classification/gaming,1970-01-01
https://risclens.com/iso-42001/ai-risk-classification/hr-tech,1970-01-01
https://risclens.com/iso-42001/ai-vendor-assessment/ai-ml,1970-01-01
https://risclens.com/iso-42001/ai-vendor-assessment/crypto-web3,1970-01-01
https://risclens.com/iso-42001/ai-vendor-assessment/cybersecurity,1970-01-01
https://risclens.com/iso-42001/ai-vendor-assessment/devtools,1970-01-01
https://risclens.com/iso-42001/ai-vendor-assessment/ecommerce,1970-01-01
https://risclens.com/iso-42001/audit-prep/saas,1970-01-01
https://risclens.com/iso-42001/compliance-roadmap/hr-tech,1970-01-01
https://risclens.com/iso-42001/controls-mapping/ecommerce,1970-01-01
https://risclens.com/iso-42001/cost-calculator/healthtech,1970-01-01
https://risclens.com/iso-42001/data-governance/fintech,1970-01-01
https://risclens.com/iso-42001/data-governance/gaming,1970-01-01
https://risclens.com/iso-42001/data-governance/healthcare,1970-01-01
https://risclens.com/iso-42001/data-governance/proptech,1970-01-01
https://risclens.com/iso-42001/explainability-requirements/manufacturing,1970-01-01
https://risclens.com/iso-42001/human-oversight/crypto-web3,1970-01-01
https://risclens.com/iso-42001/human-oversight/cybersecurity,1970-01-01
https://risclens.com/iso-42001/implementation-guide/hr-tech,1970-01-01
https://risclens.com/iso-42001/model-governance/defense-tech,1970-01-01
https://risclens.com/iso-42001/model-governance/fintech,1970-01-01
https://risclens.com/iso-42001/model-governance/logistics,1970-01-01
https://risclens.com/iso-42001/risk-assessment/martech,1970-01-01
https://risclens.com/iso-42001/roi-analysis/cybersecurity,1970-01-01
https://risclens.com/iso-42001/roi-analysis/legaltech,1970-01-01
https://risclens.com/iso-42001/tool-selection/devtools,1970-01-01
https://risclens.com/nist-ai-rmf/ai-incident-response/digital-health,1970-01-01
https://risclens.com/nist-ai-rmf/ai-incident-response/insurance,1970-01-01
https://risclens.com/nist-ai-rmf/ai-policy-development/fintech,1970-01-01
https://risclens.com/nist-ai-rmf/ai-policy-development/insurtech,1970-01-01
https://risclens.com/nist-ai-rmf/ai-risk-classification/edtech,1970-01-01
https://risclens.com/nist-ai-rmf/ai-risk-classification/healthcare,1970-01-01
https://risclens.com/nist-ai-rmf/ai-risk-classification/marketing-ai,1970-01-01
https://risclens.com/nist-ai-rmf/ai-risk-classification/martech,1970-01-01
https://risclens.com/nist-ai-rmf/ai-vendor-assessment/defense-tech,1970-01-01
https://risclens.com/nist-ai-rmf/compliance-roadmap/manufacturing,1970-01-01
https://risclens.com/nist-ai-rmf/data-governance/ai-ml,1970-01-01
https://risclens.com/nist-ai-rmf/data-governance/crypto-web3,1970-01-01
https://risclens.com/nist-ai-rmf/data-governance/cybersecurity,1970-01-01
https://risclens.com/nist-ai-rmf/data-governance/insurtech,1970-01-01
https://risclens.com/nist-ai-rmf/explainability-requirements/marketing-ai,1970-01-01
https://risclens.com/nist-ai-rmf/failure-remediation/crypto-web3,1970-01-01
https://risclens.com/nist-ai-rmf/human-oversight/legaltech,1970-01-01
https://risclens.com/nist-ai-rmf/human-oversight/manufacturing,1970-01-01
https://risclens.com/nist-ai-rmf/model-governance/logistics,1970-01-01
https://risclens.com/nist-ai-rmf/model-governance/proptech,1970-01-01
https://risclens.com/nist-ai-rmf/model-monitoring/devtools,1970-01-01
https://risclens.com/nist-ai-rmf/roi-analysis/biotech,1970-01-01
https://risclens.com/nist-ai-rmf/tool-selection/biotech,1970-01-01
https://risclens.com/nist-ai-rmf/tool-selection/martech,1970-01-01
https://risclens.com/pci-dss/ai-incident-response/digital-health,1970-01-01
https://risclens.com/pci-dss/ai-incident-response/martech,1970-01-01
https://risclens.com/pci-dss/ai-vendor-assessment/fintech,1970-01-01
https://risclens.com/pci-dss/ai-vendor-assessment/martech,1970-01-01
https://risclens.com/pci-dss/ai-vendor-assessment/saas,1970-01-01
https://risclens.com/pci-dss/auditor-selection/ai-ml,1970-01-01
https://risclens.com/pci-dss/bias-detection/biotech,1970-01-01
https://risclens.com/pci-dss/bias-detection/digital-health,1970-01-01
https://risclens.com/pci-dss/compliance-roadmap/cybersecurity,1970-01-01
https://risclens.com/pci-dss/compliance-roadmap/insurtech,1970-01-01
https://risclens.com/pci-dss/controls-mapping/cybersecurity,1970-01-01
https://risclens.com/pci-dss/data-governance/ecommerce,1970-01-01
https://risclens.com/pci-dss/for/ai-compliance-manager/biotech,1970-01-01
https://risclens.com/pci-dss/for/ai-compliance-manager/crypto-web3,1970-01-01
https://risclens.com/pci-dss/for/ai-compliance-manager/insurance,1970-01-01
https://risclens.com/pci-dss/for/ai-ethics-officer/digital-health,1970-01-01
https://risclens.com/pci-dss/for/ai-ethics-officer/martech,1970-01-01
https://risclens.com/pci-dss/for/ai-governance-analyst/gaming,1970-01-01
https://risclens.com/pci-dss/for/ai-product-manager/saas,1970-01-01
https://risclens.com/pci-dss/for/ai-risk-analyst/govtech,1970-01-01
https://risclens.com/pci-dss/for/chief-ai-officer/crypto-web3,1970-01-01
https://risclens.com/pci-dss/for/cto/defense-tech,1970-01-01
https://risclens.com/pci-dss/for/head-of-ml-engineering/devtools,1970-01-01
https://risclens.com/pci-dss/for/head-of-ml-engineering/gaming,1970-01-01
https://risclens.com/pci-dss/for/head-of-ml-engineering/martech,1970-01-01
https://risclens.com/pci-dss/for/responsible-ai-lead/devtools,1970-01-01
https://risclens.com/pci-dss/for/responsible-ai-lead/legaltech,1970-01-01
https://risclens.com/pci-dss/for/vp-engineering/fintech,1970-01-01
https://risclens.com/pci-dss/for/vp-engineering/legaltech,1970-01-01
https://risclens.com/pci-dss/for/vp-engineering/proptech,1970-01-01
https://risclens.com/pci-dss/for/vp-engineering/saas,1970-01-01
https://risclens.com/pci-dss/human-oversight/cybersecurity,1970-01-01
https://risclens.com/pci-dss/human-oversight/insurance,1970-01-01
https://risclens.com/pci-dss/migration/martech,1970-01-01
https://risclens.com/pci-dss/model-governance/healthcare,1970-01-01
https://risclens.com/pci-dss/model-governance/martech,1970-01-01
https://risclens.com/pci-dss/model-monitoring/martech,1970-01-01
https://risclens.com/soc-2/ai-incident-response/healthcare,1970-01-01
https://risclens.com/soc-2/ai-policy-development/govtech,1970-01-01
https://risclens.com/soc-2/ai-policy-development/manufacturing,1970-01-01
https://risclens.com/soc-2/ai-risk-classification/defense-tech,1970-01-01
https://risclens.com/soc-2/ai-risk-classification/legaltech,1970-01-01
https://risclens.com/soc-2/ai-vendor-assessment/devtools,1970-01-01
https://risclens.com/soc-2/data-governance/biotech,1970-01-01
https://risclens.com/soc-2/data-governance/saas,1970-01-01
https://risclens.com/soc-2/explainability-requirements/marketing-ai,1970-01-01
https://risclens.com/soc-2/for/ai-compliance-manager/proptech,1970-01-01
https://risclens.com/soc-2/for/ai-ethics-officer/legaltech,1970-01-01
https://risclens.com/soc-2/for/ai-governance-analyst/martech,1970-01-01
https://risclens.com/soc-2/for/ai-risk-analyst/ecommerce,1970-01-01
https://risclens.com/soc-2/for/ai-risk-analyst/healthcare,1970-01-01
https://risclens.com/soc-2/for/ceo/digital-health,1970-01-01
https://risclens.com/soc-2/for/ceo/insurtech,1970-01-01
https://risclens.com/soc-2/for/cfo/defense-tech,1970-01-01
https://risclens.com/soc-2/for/chief-ai-officer/govtech,1970-01-01
https://risclens.com/soc-2/for/cto,1970-01-01
https://risclens.com/soc-2/for/devops/logistics,1970-01-01
https://risclens.com/soc-2/for/founder/biotech,1970-01-01
https://risclens.com/soc-2/for/head-of-ml-engineering/govtech,1970-01-01
https://risclens.com/soc-2/for/responsible-ai-lead/ecommerce,1970-01-01
https://risclens.com/soc-2/for/responsible-ai-lead/martech,1970-01-01
https://risclens.com/soc-2/for/vp-engineering/martech,1970-01-01
https://risclens.com/soc-2/human-oversight/crypto-web3,1970-01-01
https://risclens.com/soc-2/human-oversight/ecommerce,1970-01-01
https://risclens.com/soc-2/industries/ai-governance-healthcare,1970-01-01
https://risclens.com/soc-2/migration/crypto-web3,1970-01-01
https://risclens.com/soc-2/model-governance/healthtech,1970-01-01
https://risclens.com/soc-2/model-governance/logistics,1970-01-01
https://risclens.com/soc-2/model-monitoring/crypto-web3,1970-01-01
https://risclens.com/soc-2/model-monitoring/hr-tech,1970-01-01
https://risclens.com/soc-2/readiness-checklist/biotech,1970-01-01
https://risclens.com/soc-2/timeline-estimator/marketing-ai,1970-01-01
https://risclens.com/soc-2/timeline-estimator/saas,1970-01-01
https://risclens.com/soc-2/tool-selection/biotech,1970-01-01