Top queries,Clicks,Impressions,CTR,Position
hetzner soc2,1,9,11.11%,7.11
sendgrid soc2 report,1,7,14.29%,7.14
adyen trust center,1,7,14.29%,7.43
xai soc 2,1,2,50%,2.5
optimizely integrations trading platforms competitors tradestation,0,272,0%,15.46
workiva alternatives,0,123,0%,39.08
securityscorecard alternatives,0,118,0%,59.23
bitsight alternatives,0,116,0%,56.07
jupiterone competitors,0,90,0%,54.62
onetrust competitors,0,72,0%,40.01
adyen alternatives,0,66,0%,68.58
tanium alternatives,0,64,0%,51.59
personio alternatives,0,63,0%,31.54
rudderstack alternatives,0,63,0%,45.24
rapid7 alternatives,0,62,0%,52.89
vanta alternatives,0,55,0%,78.64
onetrust alternatives,0,54,0%,45.7
tenable alternatives,0,54,0%,47.5
secureframe vs vanta,0,50,0%,66.62
apptega pricing,0,48,0%,63.46
auditboard competitors,0,44,0%,55.89
veracode alternatives,0,44,0%,64.61
benchling competitors threats 2026,0,43,0%,10.65
digitalocean security compliance soc 2 iso 27001,0,42,0%,9.12
drata soc 2,0,42,0%,46.62
launchdarkly alternative,0,42,0%,70.76
wiz alternatives,0,41,0%,30.54
soldo alternative,0,41,0%,41.1
authentication api key management solutions clerk alternative,0,40,0%,17.43
top akitra competitors for startups needing fast soc 2 readiness,0,39,0%,1.77
iso 27001 devops,0,38,0%,14.29
secureframe pricing,0,37,0%,66.73
coralogix alternativ,0,36,0%,29.92
tanium competitors,0,36,0%,56.19
rudderstack competitors,0,35,0%,57.17
payhawk alternative,0,34,0%,54.79
onetrust alternative,0,34,0%,56.85
vanta vs drata,0,34,0%,81.88
mparticle alternatives,0,33,0%,26.76
hipaa compliance for ecommerce,0,33,0%,34.67
drata soc 2 readiness assessment,0,33,0%,35.85
tipalti alternatives,0,33,0%,57.7
"total cost of ownership comparison secureframe sprinto scytale drata vanta 
scrut automation thoropass",0,32,0%,2.31
hopper alternatives,0,32,0%,34.47
navan soc 2 compliance security,0,31,0%,5.84
auditboard pricing,0,31,0%,40.9
prevalent alternatives,0,30,0%,15.5
mparticle alternative,0,30,0%,43.47
tanium alternative,0,30,0%,63
lacework alternatives,0,29,0%,15.52
finch api competitors,0,29,0%,21.17
hyperproof pricing,0,29,0%,67.24
gdpr web3 compliance,0,28,0%,9.82
cheapest alternatives to firehydrant for enterprise,0,28,0%,10.04
healthcare ai risk management audit,0,28,0%,70.79
drata competitors,0,28,0%,71.82
lacework competitors,0,27,0%,19.74
evenup cloud service provider,0,27,0%,29.48
darktrace alternatives,0,27,0%,40.59
fastspring alternatives,0,27,0%,62.63
tailscale soc 2 type ii compliance,0,26,0%,9.5
couchbase alternatives,0,26,0%,39
scytale pricing,0,26,0%,69.19
pleo alternatives,0,25,0%,42.32
zscaler alternatives,0,25,0%,42.84
spekit alternatives,0,25,0%,43.96
soc 2 certification in boston,0,25,0%,51.52
hyperproof alternatives,0,25,0%,67
tyk vs azure,0,25,0%,84.2
vanta competitors,0,25,0%,92.52
unstructured io alternatives,0,24,0%,12.75
riskrecon alternatives,0,24,0%,16.25
hookdeck alternatives,0,24,0%,67.5
scale alternatives,0,24,0%,81.04
culture amp alternatives,0,24,0%,85.92
drata vs vanta,0,24,0%,86.75
compare onetrust vs drata for records of processing activities (ropa).,0,23,0%,6.13
onetrust vs drata for continuous vendor monitoring,0,23,0%,7.74
tailscale soc 2 type ii audit latacora,0,23,0%,9.83
finch api alternatives,0,23,0%,30.91
auditboard cost,0,23,0%,62.39
netskope alternatives,0,23,0%,62.65
akamai alternative,0,23,0%,63.13
hyperproof pros and cons,0,23,0%,79.09
factorial alternatives,0,22,0%,43.14
cyera competitors data security,0,21,0%,16.76
sumsub alternatives,0,21,0%,16.76
aqua security alternative,0,21,0%,18.81
cyberark alternatives,0,21,0%,26.43
cyera platform alternatives,0,21,0%,32
userzoom alternatives,0,21,0%,43.19
palantir alternative,0,21,0%,62.57
sprinto pricing,0,21,0%,68.1
hyperproof alternative,0,21,0%,70.33
gdpr vs hipaa,0,21,0%,74.67
groove alternatives,0,21,0%,89.1
navan soc 2 compliance,0,20,0%,6.15
fireeye alternatives,0,20,0%,6.6
tailscale soc 2 type ii audit,0,20,0%,8.45
best akitra alternative for automated soc 2 compliance tools,0,20,0%,9.5
lacework pricing,0,20,0%,19.35
checkmarx alternatives,0,20,0%,58.8
secureframe competitors,0,20,0%,62.15
gitpod alternatives,0,20,0%,63.25
drata alternatives,0,20,0%,78.6
travelperk alternatives,0,20,0%,79.55
hipaa vs gdpr,0,20,0%,84.75
thoropass pricing 2026,0,19,0%,1
launchdarkly alternatives for saas companies,0,19,0%,9.42
posthog soc2,0,19,0%,9.42
cyera cybersecurity competitors,0,19,0%,26.42
benchling alternatives,0,19,0%,50.53
coreweave alternatives,0,19,0%,50.84
hibob competitors,0,19,0%,87.05
workiva sox compliance pricing,0,18,0%,7.17
log dna alternative,0,18,0%,8.89
rutter alternatives,0,18,0%,13.28
localstack alternatives,0,18,0%,42.11
scale ai alternatives,0,18,0%,46.78
secureframe alternatives,0,18,0%,62.56
secureframe vs drata,0,18,0%,64.11
vanta vs panorays,0,18,0%,69.61
panorays vs vanta,0,18,0%,76.83
onetrust vs secureframe for privacy assessments,0,17,0%,3.65
navan trust center,0,17,0%,8.12
hyperproof pricing 2026,0,17,0%,8.24
onetrust vs drata vendor risk management comparison,0,17,0%,8.76
onetrust vs drata for vendor risk management,0,17,0%,13.41
plaid alternatives,0,17,0%,42.94
cyera competitors,0,17,0%,46.88
drata vs secureframe,0,17,0%,52.24
plaid competitors,0,17,0%,58.71
vanta vs secureframe,0,17,0%,63.24
sprinto alternatives,0,17,0%,63.47
spekit competitors,0,17,0%,66.29
logicgate risk cloud pricing 2026,0,16,0%,3.75
which is better: auditboard vs. logicgate,0,16,0%,8.06
resolver pricing,0,16,0%,8.5
unstructured.io alternatives,0,16,0%,12.06
auth0 competitors,0,16,0%,22.06
rutter competitors,0,16,0%,30.19
knowbe4 alternatives,0,16,0%,31.69
ai governance for manufacturing,0,16,0%,38.31
pci compliance cost calculator,0,16,0%,40.06
cyera main competitors data security,0,16,0%,42.06
drata compliance certification,0,16,0%,45.88
rapid7 alternative,0,16,0%,65.88
cyera main competitors,0,16,0%,66.69
mparticle competitors,0,16,0%,69.19
charthop alternatives,0,16,0%,71.81
condens integrations,0,16,0%,78.44
wiz competitors,0,16,0%,80.25
wordtune soc2 compliant,0,15,0%,2.87
onetrust vs secureframe for privacy readiness,0,15,0%,4.4
databricks soc 2 type ii hipaa eligibility trust center,0,15,0%,4.93
cynomi competitors,0,15,0%,6.87
onetrust vs secureframe for ai governance and risk,0,15,0%,8.13
onetrust vs drata for dsar automation,0,15,0%,12.87
cresta alternatives,0,15,0%,16.87
cyera alternatives,0,15,0%,21.87
iso 27001 policy names for insurance company compliance,0,15,0%,24
onetrust vs bigid security compliance readiness,0,15,0%,28.07
evenup alternatives,0,15,0%,30.13
competitors of onetrust esg software,0,15,0%,30.6
coralogix alternatives,0,15,0%,31.27
cyera competitors list,0,15,0%,34
orca security alternatives,0,15,0%,39.33
jira saas,0,15,0%,41.87
what are the best onetrust alternatives?,0,15,0%,46
alternatives to onetrust,0,15,0%,46.27
alternatives to benchling,0,15,0%,49.4
darktrace competitors,0,15,0%,56.33
sprinto vs vanta,0,15,0%,59.27
apptega cost,0,15,0%,63.33
sendbird alternatives,0,15,0%,67
ably alternatives,0,15,0%,69.07
netskope competitors,0,15,0%,69.4
compare renderers insurance,0,15,0%,73.13
credo health,0,15,0%,76.47
workos alternatives,0,15,0%,76.53
cyera data security competitors,0,15,0%,77.2
compare onetrust vs dratafor soc 2 and iso 27001 compliance.,0,14,0%,3.21
"what are the pros and cons of using onetrust compared to drata for security 
compliance platforms?",0,14,0%,4.64
apptega vs onetrust grc comparison automated security compliance tracking,0,14,0%,7.64
posthog trust center,0,14,0%,9.5
ro alternative that works with insurance,0,14,0%,10.5
sardine competitors,0,14,0%,10.57
hansight alternatives,0,14,0%,15
gusto soc 2 report,0,14,0%,17.36
vanta vs bitsight,0,14,0%,18.07
onetrust grc alternatives,0,14,0%,35.71
atlassian saas,0,14,0%,39.71
betterworks alternatives,0,14,0%,40.57
workiva vs auditboard,0,14,0%,43.14
soldo alternatives,0,14,0%,45.5
what are the best onetrust alternatives,0,14,0%,46.79
competitors of onetrust,0,14,0%,49
oyster hr competitors,0,14,0%,61
cyera competitors main rivals in data security,0,14,0%,78.5
compare onetrust vs secureframe for multi-region and mobile consent tools.,0,13,0%,3.85
workato soc2 compliance,0,13,0%,7.54
sprinto pricing 2026,0,13,0%,8.92
upguard soc 2 type ii,0,13,0%,9.62
sprinto vs thoropass,0,13,0%,10.38
airbase alternatives,0,13,0%,16.54
onetrust competitors cybersecurity industry,0,13,0%,17
checkout manufacturing,0,13,0%,23.69
vanta vs riskrecon,0,13,0%,26.15
vanta vs onetrust,0,13,0%,30.85
onetrust vs vanta,0,13,0%,40.31
marqeta alternatives,0,13,0%,47.08
panorays alternatives,0,13,0%,48.08
what are alternatives to onetrust,0,13,0%,48.69
statsig alternatives,0,13,0%,55.69
zapier security,0,13,0%,56.08
iso 27001 saas,0,13,0%,60.08
thoropass alternates,0,13,0%,62.38
panorays competitors,0,13,0%,63.38
hebbia competitors,0,13,0%,63.85
soc 2 bridge letter example,0,13,0%,68
onetrust vendorpedia alternatives,0,13,0%,71.77
akita integrations,0,13,0%,85.85
cyera competitors comparison strengths weaknesses,0,13,0%,89.31
"is apptega or hyperproof better for a growing startup that needs simple 
cyber compliance reporting",0,12,0%,2.58
"what are the pros and cons of using onetrust compared to sprinto for 
inherent vs residual risk?",0,12,0%,3.83
clickup alternative for healthcare,0,12,0%,4.5
auditboard pricing 2026,0,12,0%,6.67
scrut automation pricing 2026,0,12,0%,7.08
navan data security soc 2 iso 27001,0,12,0%,7.17
compare onetrust vs drata for generative ai governance.,0,12,0%,7.33
logicgate risk cloud pricing,0,12,0%,7.42
based on reviews auditboard vs. logicgate,0,12,0%,8.33
bamboohr soc 2 compliance,0,12,0%,9.25
fireblocks soc 2 type ii iso 27001,0,12,0%,9.58
abnormal ai alternatives,0,12,0%,11.83
onetrust vs bigid for audit and control workflows,0,12,0%,13.17
fireblocks payments soc 2 type ii certification,0,12,0%,16.5
iso 27001 for fintech smb,0,12,0%,45.67
flagsmith alternatives,0,12,0%,45.92
persona security,0,12,0%,54.67
asana pci dss,0,12,0%,58.92
drata vs sprinto,0,12,0%,59
trend micro certification path,0,12,0%,59.25
sprinto vs scrut,0,12,0%,59.75
stonly alternatives,0,12,0%,60.5
appcues competitors,0,12,0%,62.67
credo healthcare,0,12,0%,68.83
cyera competitors in data security,0,12,0%,70.75
soc 2 bridge letter,0,12,0%,71.25
wiz.io competitors,0,12,0%,71.83
secureframe pros and cons,0,12,0%,74.33
zscaler competitors,0,12,0%,74.75
hibob alternatives,0,12,0%,77.58
sprig alternatives,0,12,0%,77.92
cyera competitors dspm market,0,12,0%,90.08
scytale capterra reviews,0,11,0%,3.36
which is better: hyperproof vs. workiva,0,11,0%,3.45
how do i compare govtech platforms for multi-program coordination?,0,11,0%,3.73
"which platform is better for soc 2 and iso audits, hyperproof or vanta",0,11,0%,4.73
writesonic soc 2 compliance,0,11,0%,5.73
sophos soc 2 report,0,11,0%,6.73
onetrust vs drata for sox and itgc compliance platform,0,11,0%,8.09
"fireblocks vs dfns vs ripple vs utila enterprise security features and 
compliance certifications",0,11,0%,8.55
workiva pricing: how much does workiva cost for a large enterprise?,0,11,0%,8.73
apptega soc 2 iso 27001 alternative,0,11,0%,9
onetrust vs other fintech tech risk & compliance tools,0,11,0%,14.09
superblocks-like product with strong security and access controls,0,11,0%,15.09
logicgate pricing,0,11,0%,17.45
stripe gaming,0,11,0%,37.55
onetrust vs securityscorecard,0,11,0%,44.45
affordable ai compliance,0,11,0%,45.18
best smartlook alternatives,0,11,0%,49.55
wiz alternative,0,11,0%,55.64
grafana labs alternatives,0,11,0%,57.18
bigid vs onetrust comparison,0,11,0%,58.36
zendesk healthcare,0,11,0%,61.45
splunk competitors,0,11,0%,63.45
sourcegraph alternatives,0,11,0%,65.55
cresta competitors,0,11,0%,70.18
highspot alternatives,0,11,0%,72.18
drata vs secureframe ease of use,0,11,0%,75.45
thoropass integrations,0,11,0%,77.27
onetrust competitors privacy compliance software,0,11,0%,80.27
vanta alternative,0,11,0%,81.18
honeycomb alternatives,0,11,0%,84.09
is hookdeck soc 2 compliant?,0,10,0%,5.7
based on reviews drata vs. scytale,0,10,0%,7.4
neon soc2,0,10,0%,7.6
compare onetrust vs drata for dsar process and automation.,0,10,0%,9.7
what is the best alternative to split.io,0,10,0%,10
mercury editor competitors,0,10,0%,11.5
trustarc alternatives,0,10,0%,11.7
cilium alternatives,0,10,0%,12.2
"onetrust vs securiti vs secureframe customer-centricity for global privacy 
frameworks and regulatory updates",0,10,0%,12.7
unstructured.io competitors,0,10,0%,12.9
fivetran alternative for marketing teams,0,10,0%,13
benchling biggest threats competitors 2026,0,10,0%,13.1
hippa biotech,0,10,0%,14.3
auditboard vs competitors for internal audit management,0,10,0%,16.5
looking for split.io competitors with better pricing,0,10,0%,16.6
deepl compliance and risk,0,10,0%,17.2
lacework zoominfo,0,10,0%,18.8
datarobot alternatives,0,10,0%,19.3
vanta vs auditboard,0,10,0%,21.7
reamaze alternative,0,10,0%,34.1
diligent saas,0,10,0%,40.5
personio competitors,0,10,0%,45.3
what are the key metrics for measuring ai governance,0,10,0%,48
sentinelone alternatives,0,10,0%,49.9
cyera main competitors in data security,0,10,0%,55.1
tenable competitors,0,10,0%,59.5
cohesity alternative,0,10,0%,59.6
freshworks alternatives,0,10,0%,64.8
alternatives to launchdarkly,0,10,0%,71.1
alternatives to vanta,0,10,0%,80.6
best cheaper enterprise-grade knowbe4 alternative,0,10,0%,87.2
pluralsight competitor,0,10,0%,91.1
xai soc 2 compliance,0,9,0%,2.22
based on reviews hyperproof vs. workiva,0,9,0%,3.33
"what are the pros and cons of using onetrust compared to secureframe for ai 
governance & risk?",0,9,0%,3.44
alternatives to snowflake for government contracts.,0,9,0%,3.89
compare onetrust vs secureframe for privacy readiness.,0,9,0%,4.22
what are the top intel alternatives for ai?,0,9,0%,6.67
onetrust vs sprinto for trust center automation,0,9,0%,7.11
navan security soc 2 iso 27001,0,9,0%,7.67
upguard soc 2 type ii iso 27001,0,9,0%,8
compare onetrust vs drata for vendor risk management.,0,9,0%,8.67
modal soc2,0,9,0%,8.78
posthog soc 2 report,0,9,0%,8.89
onetrust vs vanta for continuous compliance monitoring,0,9,0%,9.22
synthesia soc 2 compliance,0,9,0%,9.44
navan soc 2 gdpr security,0,9,0%,10.11
best alternative to cyera for multi cloud data protection,0,9,0%,10.56
digitalocean compliance soc 2 iso 27001,0,9,0%,10.56
salt security competitors,0,9,0%,11.22
anecdotes alternatives,0,9,0%,11.67
onetrust vs drata for dsar process and automation,0,9,0%,12.22
onetrust vs bigid soc 2 and iso 27001 compliance,0,9,0%,12.78
bitsight vs vanta,0,9,0%,13.33
groq ai competitor companies,0,9,0%,13.67
best ai alternative to evenup,0,9,0%,18.11
riskrecon vs vanta,0,9,0%,18.22
betterup competitor,0,9,0%,19.11
fly io soc2,0,9,0%,22.89
bitsight alternative,0,9,0%,28.44
scrut automation pricing,0,9,0%,29.44
ovh compliance,0,9,0%,40.22
how much does workiva cost,0,9,0%,42.33
cynomi pricing,0,9,0%,43.56
airbase competitors,0,9,0%,47.33
legaltech iso 27001 compliance,0,9,0%,48.89
securityscorecard vs onetrust,0,9,0%,51.11
iterable alternatives,0,9,0%,54
secureframe vs vanta vs drata,0,9,0%,63.33
riskiq vs vanta,0,9,0%,75.89
smartkarrot integrations,0,9,0%,79.33
gdpr and hipaa,0,9,0%,81.67
vgs pricing,0,9,0%,85.67
freshworks comparison,0,9,0%,96.67
what is the cursor equivalent in hr saas solutions?,0,8,0%,2.5
which is better: scrut automation vs. strike graph,0,8,0%,2.75
compare onetrust vs secureframe for privacy assessments.,0,8,0%,4.12
scaleway soc2,0,8,0%,4.12
"what are the pros and cons of using onetrust compared to secureframe for it 
risk management frameworks?",0,8,0%,4.38
which is better: holistic ai vs. credo ai,0,8,0%,5
onetrust vs secureframe for privacy compliance software,0,8,0%,5.38
which is better: auditboard vs. logicgate risk cloud,0,8,0%,5.38
onetrust vs sprinto for privacy compliance software,0,8,0%,5.62
upguard soc 2 iso 27001,0,8,0%,7.12
sophos trust center,0,8,0%,8.5
which is better: drata vs. scytale,0,8,0%,9.25
laika vs secureframe,0,8,0%,9.38
what is the best alternative to split.io?,0,8,0%,10
companies similar to cerebras,0,8,0%,11.62
ibm cloud alternatives with strong bot mitigation capabilities,0,8,0%,11.88
onetrust vs secureframe for it risk management frameworks,0,8,0%,15.12
best enterprise support for confluent competitors,0,8,0%,15.38
secureframe pricing vs other soc 2 tools,0,8,0%,18.5
lithic alternatives,0,8,0%,20
adyen security,0,8,0%,22.12
pleo fintech,0,8,0%,29.88
hightouch alternatives,0,8,0%,34.62
logicgate competitors,0,8,0%,34.88
soc2 certification in boston,0,8,0%,34.88
plaid saas,0,8,0%,35.25
split.io alternatives,0,8,0%,35.5
resolver pros and cons,0,8,0%,40.5
churnzero alternatives,0,8,0%,41.38
sprinto vs drata,0,8,0%,46.5
travelperk alternative,0,8,0%,49.5
drata vs vanta vs secureframe,0,8,0%,50.12
benchling competitors in data management,0,8,0%,52.75
onetrust vs bigid comparison,0,8,0%,54.38
zscaler alternative,0,8,0%,54.5
rapid7 competitors,0,8,0%,58.12
apollo graphql alternatives,0,8,0%,59.62
ai governance software healthcare financial services,0,8,0%,61.62
rmf certification cost,0,8,0%,62.25
vanta cybersecurity alternatives,0,8,0%,62.88
apptega alternatives,0,8,0%,63.75
rudderstack alternative,0,8,0%,65.88
best benchling alternatives for lab data management,0,8,0%,68.88
soc bridge letter,0,8,0%,75.12
cyera competitors dspm,0,8,0%,76.5
fastspring alternative,0,8,0%,79.38
bridge letter,0,8,0%,80.5
hipaa and gdpr,0,8,0%,80.75
what is a bridge letter,0,8,0%,80.88
bridge letter soc 2,0,8,0%,84
ai compliance checklist,0,8,0%,84.25
cyera direct competitors in ai startups,0,8,0%,84.38
onetrust vs riskrecon,0,8,0%,86.12
loggly alternative,0,8,0%,88.25
talkdesk alternatives,0,8,0%,89.38
launchdarkly alternatives open source,0,8,0%,89.88
xai soc 2 type ii,0,7,0%,1
based on reviews scrut automation vs. strike graph,0,7,0%,2.71
onetrust vs secureframe for security questionnaires and automation tools,0,7,0%,3.29
apptega vs other compliance platforms for multiple frameworks,0,7,0%,4
based on reviews auditboard vs. logicgate risk cloud,0,7,0%,4.57
fireblocks soc report,0,7,0%,5.14
"apptega pricing vs competitors which platform gives the best value for 
small infosec teams",0,7,0%,5.29
scrut vs scytale,0,7,0%,5.86
scrut vs scytale compliance,0,7,0%,6
scytale ai vs scrut,0,7,0%,6
hugging face parent company soc2 compliance,0,7,0%,6.43
workiva pricing model for enterprise itgc automation,0,7,0%,6.71
"""upguard"" trust center soc 2",0,7,0%,6.86
scytale vs scrut,0,7,0%,7
onetrust vs secureframe comparison,0,7,0%,7.43
policy scout alternatives,0,7,0%,7.71
sendgrid soc 2 report,0,7,0%,8
databricks soc 2 type ii report,0,7,0%,8.29
evaluate the fintech company spendesk on privacy.com alternatives,0,7,0%,9
tailscale soc 2 audit,0,7,0%,9
what are the differences between drata and onetrust for risk management?,0,7,0%,9
laika pricing model for enterprise itgc automation,0,7,0%,9.43
digitalocean compliance soc2 iso 27001,0,7,0%,9.71
drata vs scytale integrations comparison,0,7,0%,9.71
navan soc 2 type ii compliance,0,7,0%,9.71
what are better options than split.io,0,7,0%,9.71
best saas incident management platforms to use instead of firehydrant,0,7,0%,10
jasper ai soc 2 compliance,0,7,0%,10
tailscale soc 2 type ii audits latacora,0,7,0%,10.43
cerebras ai competitors,0,7,0%,10.57
sendgrid soc 2,0,7,0%,10.57
top sardine competitors for risk management platforms,0,7,0%,10.57
strike graph vs traditional grc platform for saas companies,0,7,0%,11.14
h2o.ai alternatives,0,7,0%,12.71
"gitlab competitors for enterprises that want integrated security and 
compliance tools",0,7,0%,12.86
onetrust vs secureframe privacy compliance software,0,7,0%,14.14
vanta vs prevalent,0,7,0%,15.14
alternatives to dbt labs,0,7,0%,15.29
eu-hosted alternative to usertesting,0,7,0%,16
onetrust vs bigid vs securiti for regulatory reporting and audit automation,0,7,0%,17.43
iso27001 crypto,0,7,0%,19.43
teampay.co alternative,0,7,0%,22.71
auditboard vs workiva,0,7,0%,29.43
sysdig alternatives,0,7,0%,29.57
dynatrace security,0,7,0%,30.57
apptega competitors,0,7,0%,31.57
alternatives to pantheon,0,7,0%,40.43
arctic wolf competitors,0,7,0%,40.86
prevalent vs vanta,0,7,0%,41.43
sift competitors,0,7,0%,43.14
ai governance for retail and e-commerce,0,7,0%,43.57
fintech iso 27001 compliance,0,7,0%,44.14
wayflyer alternatives,0,7,0%,45.86
akamai alternatives,0,7,0%,47.57
checkmarx alternative,0,7,0%,50.57
tenable alternative,0,7,0%,52
what is a soc 2 bridge letter,0,7,0%,52
moveworks competitors,0,7,0%,52.71
hrtech gdpr compliance,0,7,0%,53.71
workiva audit software,0,7,0%,54.43
notion soc 2,0,7,0%,57.86
hasura alternatives,0,7,0%,60.29
upguard vs vanta,0,7,0%,60.57
credo ai,0,7,0%,60.71
tipalti alternative invested in compliance management firm,0,7,0%,61.14
coralogix alternative,0,7,0%,62.14
hyperproof cost,0,7,0%,63.57
vanta vs upguard,0,7,0%,66.57
tisax iso 27001,0,7,0%,68
whatfix cost,0,7,0%,68.71
drata soc 2 partner,0,7,0%,69
bigid next alternatives,0,7,0%,69.29
jupiterone pricing,0,7,0%,72.29
cybergrx vs vanta,0,7,0%,73.14
alternatives to secureframe,0,7,0%,73.57
pantheon alternatives,0,7,0%,73.71
whatfix alternatives,0,7,0%,75.43
zscaler competitor,0,7,0%,76.43
splunk vs,0,7,0%,77.14
ironclad alternatives,0,7,0%,78.43
riskrecon vs onetrust,0,7,0%,79.57
proofpoint competitors,0,7,0%,88.29
benchling validated cloud,0,7,0%,90.57
hibob pricing cost,0,7,0%,93.29
recurly alternatives,0,7,0%,96
based on reviews holistic ai vs. credo ai,0,6,0%,3
auditboard pricing model for sox compliance mid-market company,0,6,0%,3.33
"what are the pros and cons of using onetrust compared to secureframe for 
control library and exception workflows?",0,6,0%,3.33
onetrust vs secureframe preference centers comparison,0,6,0%,4.17
tray.io soc 2 type ii,0,6,0%,5
vanta vs strike graph,0,6,0%,5.67
"""upguard"" ""soc 2""",0,6,0%,6.17
evaluate the fintech company zillow on competitor comparisons,0,6,0%,6.33
hibob hr platform soc 2 compliance,0,6,0%,6.67
hetzner soc 2,0,6,0%,6.83
workato soc 2 compliance,0,6,0%,7.33
coralogix trust center,0,6,0%,7.83
onetrust vs drata for ai governance & risk,0,6,0%,7.83
trello soc 2 compliance,0,6,0%,8.17
digitalocean security compliance iso 27001 soc 2,0,6,0%,9
deel trust center,0,6,0%,9.17
evaluate the fintech company airbase on competitor comparisons,0,6,0%,9.17
what are good replacements for lightstep?,0,6,0%,9.17
ably bug bounty,0,6,0%,9.83
sprinto vs anecdotes,0,6,0%,9.83
carta soc report,0,6,0%,10
list alternatives to eppo,0,6,0%,10.5
intel alternatives for ai,0,6,0%,10.67
workiva platform pricing for financial services firms,0,6,0%,10.83
onetrust vs trustarc vs vanta for soc 2 and iso 27001 compliance,0,6,0%,11.67
vanta vs logicgate,0,6,0%,12.83
strike graph vs other compliance tools for soc 2,0,6,0%,14.67
dovetail tool stack integration -product ops,0,6,0%,15.5
soc 2 audits strike graph vs competing tools customer support,0,6,0%,15.67
sprinto vs vanta for fast soc 2 audits,0,6,0%,16.17
sofi marketing automation,0,6,0%,16.5
compare onetrust vs drata for dsar automation.,0,6,0%,17.5
moengage alternatives for startups,0,6,0%,17.5
enterprise ai service desk platform moveworks competitors,0,6,0%,17.67
onetrust vs secureframe for grc automation,0,6,0%,18.17
iterable alternatives for startups,0,6,0%,18.5
proofpoint cybersecurity company alternatives,0,6,0%,18.67
soc reports portland,0,6,0%,19.33
fireeye competitors,0,6,0%,21.5
drata compliance,0,6,0%,26.5
evisort alternatives,0,6,0%,26.5
zoominfo soc 2,0,6,0%,29.5
sysdig alternative,0,6,0%,30.83
heygen security,0,6,0%,33.5
flagsmith competitors,0,6,0%,50.17
polar security platform alternatives,0,6,0%,50.5
oscilar vs sardine,0,6,0%,54.83
beyondtrust alternative,0,6,0%,55.33
delve vs vanta,0,6,0%,55.5
alternatives to drata,0,6,0%,56.83
what is a bridge letter for soc 2,0,6,0%,58
knowbe4 competitors,0,6,0%,58.33
one trust competitors,0,6,0%,58.5
productplan alternative,0,6,0%,58.83
commercetools alternatives,0,6,0%,59.67
riskrecon competitors,0,6,0%,60.17
mouseflow alternatives,0,6,0%,62.17
diligent one platform alternatives,0,6,0%,62.83
smartlook competitors,0,6,0%,62.83
sprinto pros and cons,0,6,0%,63.5
appcues alternatives,0,6,0%,65
soc 2 type 2 audit requirements fintech companies,0,6,0%,65
concentric semantic intelligence alternatives,0,6,0%,65.67
charthop competitors,0,6,0%,66
alternatives to vanta cybersecurity,0,6,0%,68.33
meltano alternatives,0,6,0%,69
secureframe cost,0,6,0%,70.17
paddle alternatives,0,6,0%,72.5
weights and biases alternatives,0,6,0%,72.67
ai compliance checklist for enterprise,0,6,0%,73
ai governance for fintech,0,6,0%,74.33
userguiding alternative,0,6,0%,76.33
15five alternatives,0,6,0%,77
bugsnag alternative,0,6,0%,82.17
ecommerce compliance checklist,0,6,0%,85.5
chameleon alternatives,0,6,0%,86.67
typeform hipaa,0,6,0%,89
cyera competitors in data security dspm,0,6,0%,94
replit for lawyers or legal tech equivalent,0,5,0%,1.8
onetrust grc pricing 2026,0,5,0%,3.2
writesonic soc2 compliance,0,5,0%,4
harvey trust center,0,5,0%,4.2
alternatives to reciprocity software,0,5,0%,4.8
qdrant soc2 compliance,0,5,0%,5
logicgate risk cloud pricing per year,0,5,0%,5.2
statsig soc 2 type ii,0,5,0%,5.2
airbyte trust center,0,5,0%,6
"evaluate the fintech company zillow on alternatives and competitors_expense 
management",0,5,0%,6.6
cloudflare for saas alternative,0,5,0%,7.2
how does drata's grc platform compare to auditboard for enterprise use?,0,5,0%,7.4
alternatives to anecdotes.ai software,0,5,0%,7.6
sprinto vs strikegraph,0,5,0%,7.8
fly.io soc 2 compliance,0,5,0%,8.2
scaleway trust center,0,5,0%,8.4
checkmarx trust center,0,5,0%,8.8
hipaa for fintech,0,5,0%,8.8
cyera trust center,0,5,0%,9
need something like eppo but more affordable,0,5,0%,9.2
perplexity.ai soc 2 compliance,0,5,0%,9.2
bitgo soc 2 type ii,0,5,0%,9.4
based on reviews auditboard vs. workiva,0,5,0%,9.6
fly.io soc 2,0,5,0%,9.6
bill.com soc 2 report,0,5,0%,10
"compare onetrust vs bigid vs securiti for regulatory reporting and audit 
automation.",0,5,0%,10.2
tide competitors,0,5,0%,10.4
cohere soc 2 type ii,0,5,0%,10.6
rapyd alternatives,0,5,0%,10.8
"what's the best govtech platform, deckard technologies or its competitors?",0,5,0%,10.8
evaluate the fintech company airbase on privacy.com alternatives,0,5,0%,11
expensify soc 2 compliance,0,5,0%,11
odoo soc2 compliance,0,5,0%,11
onetrust vs drata for ai governance and risk,0,5,0%,11
hetzner soc 2 report,0,5,0%,11.2
rootly alternatives,0,5,0%,13
isms auditor insurance,0,5,0%,13.4
dbt labs alternatives,0,5,0%,13.6
fortinet agentic ai competitors,0,5,0%,14
navan fintech company privacy.com alternatives,0,5,0%,14
servicenow grc alternatives,0,5,0%,14.2
onetrust vs bigid vs drata customer-centric trust center automation,0,5,0%,14.6
arctic wolf alternative,0,5,0%,15.6
thoropass vs drata,0,5,0%,15.6
onetrust security compliance readiness pros and cons,0,5,0%,15.8
soc 2 auditor selection for saas companies,0,5,0%,16.2
payoneer security evaluation,0,5,0%,16.8
fastly alternatives,0,5,0%,17.2
best alternative to proofpoint in cybersecurity,0,5,0%,18.2
onetrust vs secureframe for privacy governance and operations tools,0,5,0%,18.6
hyperproof pricing compared to other compliance platforms,0,5,0%,18.8
kinsta financial risk management,0,5,0%,18.8
cost effective arctic wolf plan for healthcare org,0,5,0%,19
drata vs scrut,0,5,0%,19
laika vs vanta,0,5,0%,22.2
verkada alternative,0,5,0%,24.8
onetrust vs panorays,0,5,0%,28.6
split io competitors,0,5,0%,29.2
thoropass pricing,0,5,0%,29.4
lambda labs alternatives,0,5,0%,29.8
logdna alternative,0,5,0%,30.8
heroku compliance,0,5,0%,31.2
productplan alternatives,0,5,0%,38.4
best userzoom alternative,0,5,0%,39.4
stytch competitors,0,5,0%,39.8
docusign soc 2,0,5,0%,40
compare palo alto insurance,0,5,0%,40.4
treasury prime alternatives,0,5,0%,41.6
asana soc 3,0,5,0%,41.8
cockroachdb alternatives,0,5,0%,44.2
peakon alternatives,0,5,0%,44.6
benchling competitors,0,5,0%,45.2
coralogix enterprise security,0,5,0%,47
jenkins saas,0,5,0%,48
it compliance services honolulu,0,5,0%,51
soc2 certified legal ai platform,0,5,0%,51.8
splunk saas,0,5,0%,52.2
auditboard vs logicgate risk cloud,0,5,0%,52.4
workiva competitors,0,5,0%,53
bigid competitors,0,5,0%,55.4
strongdm alternatives,0,5,0%,55.4
veeva alternatives,0,5,0%,56.2
scrut pricing,0,5,0%,58.8
spekit pricing,0,5,0%,59
maze alternatives,0,5,0%,62
copilot governance,0,5,0%,63
fastspring competitors,0,5,0%,64
trustarc risk profile,0,5,0%,64.6
scylladb alternatives,0,5,0%,64.8
attentive alternatives,0,5,0%,65.8
archer technologies alternatives,0,5,0%,66
swell alternatives,0,5,0%,66.6
arize ai competitors,0,5,0%,67.8
meltano competition,0,5,0%,69.4
auditboard price,0,5,0%,69.8
best cloudflare alternatives,0,5,0%,70.2
alternatives to airbyte,0,5,0%,70.4
confluent alternatives,0,5,0%,72.8
bridge letter soc report,0,5,0%,74.2
soc report bridge letter,0,5,0%,74.4
drata automate soc 2,0,5,0%,75.6
veracode competitor,0,5,0%,75.8
6sense alternative,0,5,0%,79.4
apptega pros and cons,0,5,0%,80.4
soc bridge letter example,0,5,0%,80.6
fivetran competition,0,5,0%,80.8
sfs-legaltech,0,5,0%,82.2
bridge letter for soc 2,0,5,0%,83
contentsquare alternative,0,5,0%,83
ai risk management audit,0,5,0%,83.6
cybergrx vs onetrust,0,5,0%,84.8
onetrust vs cybergrx,0,5,0%,87.2
ai impact assessment template,0,5,0%,87.4
vwo alternative,0,5,0%,88.2
qualys alternative,0,5,0%,88.4
multiplier alternatives,0,5,0%,88.6
vanta vs securityscorecard,0,5,0%,89.6
walkme alternative,0,5,0%,90.2
soc 2 certification in san francisco,0,5,0%,93
securityscorecard vs vanta,0,5,0%,93.2
cyera competitors data security dspm,0,5,0%,97.8
iso 42001 regulatory compliance fintech,0,4,0%,1.75
kayak config company competitors,0,4,0%,2
"what are the pros and cons of using onetrust compared to drata for ai 
ethics and responsible ai principles?",0,4,0%,2.75
"what are the pros and cons of using onetrust compared to drata for 
continuous vendor monitoring?",0,4,0%,3.25
lacework pricing model,0,4,0%,3.5
"compare onetrust vs secureframe for security questionnaires and automation 
tools.",0,4,0%,3.75
is it evaluate the legaltech company qonto on 5. générique,0,4,0%,4
compare onetrust vs secureframe for preference centers.,0,4,0%,4.25
labelbox soc 2 compliance,0,4,0%,4.25
plaid api alternatives insurance data,0,4,0%,4.25
alternatives to reciprocity.com software,0,4,0%,5.5
"what are the pros and cons of using onetrust compared to sprinto for sox 
and itgc compliance platform?",0,4,0%,5.5
compare onetrust vs secureframe for data minimization processes.,0,4,0%,6
upguard soc 2 iso 27001 certification,0,4,0%,6.25
scrut vs scytale ai,0,4,0%,6.5
secureframe pricing per year,0,4,0%,6.5
iso 27001 audit readiness tips healthcare providers,0,4,0%,6.75
alternatives to 42crunch.com software,0,4,0%,7
fireblocks soc 2 type ii iso 27001 certification,0,4,0%,7
railway soc 2 compliance,0,4,0%,7
sprinto vs strike graph,0,4,0%,7
walkme soc 2 type ii compliance,0,4,0%,7
"how to align iso 42001 with soc 2 and iso 27001 controls for fintech 
compliance",0,4,0%,7.25
hugging face soc2 compliance,0,4,0%,7.25
drata vanta sprinto isms.online secureframe risk ledger archer g2 comparison,0,4,0%,7.5
auditboard pricing model for enterprise itgc automation,0,4,0%,8
cynomi alternative,0,4,0%,8
lucid trust center,0,4,0%,8
workato trust center,0,4,0%,8
companies similar to maven clinic,0,4,0%,8.25
onetrust vs vanta continuous compliance monitoring comparison,0,4,0%,8.25
tailscale soc 2 type ii certification,0,4,0%,8.25
verkada trust center,0,4,0%,8.25
compare onetrust vs vanta for continuous compliance monitoring.,0,4,0%,8.5
descope pricing vs competitors – where does it land for small dev teams,0,4,0%,8.5
hibob trust center,0,4,0%,8.5
onesignal soc 2 compliance,0,4,0%,8.75
onetrust vs drata dsar automation comparison,0,4,0%,9
pandadoc trust center,0,4,0%,9.25
"best way to buy logicgate risk cloud so i get the most modules without 
overpaying",0,4,0%,9.5
navan soc 2 certification,0,4,0%,9.5
proptech split,0,4,0%,9.5
what are the costs and timelines for iso 42001 implementation?,0,4,0%,9.5
alternatives to split.io software,0,4,0%,9.75
tailscale soc 2 compliance,0,4,0%,9.75
digitalocean compliance iso 27001 soc 2,0,4,0%,10
qualys soc 2 report,0,4,0%,10
"which is better for scaling compliance across multiple frameworks, 
thoropass or other grc tools",0,4,0%,10
apptega vs onetrust grc automated security compliance tracking,0,4,0%,10.25
perplexity ai soc 2 type ii certification,0,4,0%,10.25
best okta alternatives for hr and it teams 2026,0,4,0%,10.5
copy.ai soc 2 compliance,0,4,0%,10.5
"among onetrust, ketch, and vanta, which is perceived as more 
customer-centric for sox and itgc compliance platform?",0,4,0%,10.75
split.io alternatives for experiments,0,4,0%,10.75
tailscale soc 2 type ii latacora audits,0,4,0%,10.75
alternativa al ceridian,0,4,0%,11
diligente technologies trust center,0,4,0%,11
onetrust pricing 2026,0,4,0%,11
sprinto vs logicgate,0,4,0%,11
strike graph vs traditional grc platform for saas company,0,4,0%,11
fivetran trust center,0,4,0%,12.25
onetrust vs sprinto for grc automation platforms,0,4,0%,12.25
streams.ai pricing vs competitors,0,4,0%,13
databricks compliance certifications trust soc,0,4,0%,13.25
bigid alternatives,0,4,0%,13.5
sprinto vs servicenow,0,4,0%,14
onetrust vs drata dsar process and automation,0,4,0%,14.25
authentication api key management solutions like clerk,0,4,0%,15
sprinto vs competitors security compliance for startups,0,4,0%,16.5
heroku soc 2,0,4,0%,17
onetrust vs bigid audit and control workflows,0,4,0%,17
johanson group iso 42001 compliance,0,4,0%,17.25
comparison servicenow saas,0,4,0%,17.75
cockroach labs alternatives,0,4,0%,18
vendr fintech company persona test,0,4,0%,18
best alternative to strongdm with strong audit features,0,4,0%,19.25
ramp fintech company competitor comparisons,0,4,0%,19.5
logicgate risk cloud alternatives,0,4,0%,21.5
cryptocurrency and commercetools,0,4,0%,24.75
paycom soc 1 report,0,4,0%,25
dropbox compliance soc 2,0,4,0%,25.75
alternatives to airwallex,0,4,0%,26.25
hansight competitors,0,4,0%,27
paycom security,0,4,0%,27.75
travog alternatives,0,4,0%,30
trilio alternatives,0,4,0%,32
heroku security,0,4,0%,32.5
custify alternative,0,4,0%,33
new relic enterprise security,0,4,0%,35.75
churnzero alternative,0,4,0%,38.25
hipaa compliant perplexity,0,4,0%,42.25
scrut alternatives,0,4,0%,44.5
flagsmith alternative,0,4,0%,47
soc2 bridge letter,0,4,0%,48.25
exploring soc 2 type 2 audit requirements for fintech companies.,0,4,0%,51
presto dev tool,0,4,0%,54.25
hipaa cloud migration medtech,0,4,0%,55.75
presto alternatives,0,4,0%,56.5
wiz saas,0,4,0%,57.5
starling business alternatives,0,4,0%,57.75
abnormal security alternatives,0,4,0%,59
safebase competitors,0,4,0%,59
userzoom alternative,0,4,0%,59.25
compliance.ai alternatives,0,4,0%,61.5
sierra ai alternatives,0,4,0%,62.5
best userzoom alternatives,0,4,0%,64
airbase fintech enterprise risk management,0,4,0%,64.75
frontegg alternatives,0,4,0%,64.75
drata compliance alternative,0,4,0%,66.25
oracle atg alternative,0,4,0%,66.25
frontegg competitors,0,4,0%,66.5
apptega reviews,0,4,0%,67
auditboard alternatives,0,4,0%,67.5
auditboard integrations,0,4,0%,68
e-commerce and risk assessment,0,4,0%,68.5
iso 27001 checklist jira integration,0,4,0%,68.75
cresta ai competitors,0,4,0%,69.25
compare charthop,0,4,0%,69.75
bridge letter soc,0,4,0%,70
leapsome alternatives,0,4,0%,73
ciso gdpr,0,4,0%,73.5
fly.io alternatives,0,4,0%,74
what is a soc bridge letter,0,4,0%,74
smartkarrot reviews,0,4,0%,75
ai act compliance checklist,0,4,0%,76.75
what is bridge letter,0,4,0%,77.5
auditboard pros and cons,0,4,0%,77.75
signnow competitors,0,4,0%,78
companies offering consulting and software for nist ai framework alignment,0,4,0%,78.5
arctic wolf calculator,0,4,0%,79
asana iso 27001,0,4,0%,79.25
celonis alternativa,0,4,0%,79.75
teampay pricing,0,4,0%,81.25
bridge letters,0,4,0%,82.75
papertrail alternative,0,4,0%,83.5
hippa vs gdpr,0,4,0%,86.75
saas impact analysis checklist,0,4,0%,86.75
persona data,0,4,0%,89.5
userguiding alternatives,0,4,0%,90
hiver alternatives,0,4,0%,90.25
ab tasty alternatives,0,4,0%,94.25
soc 1 bridge letter,0,4,0%,95.75
bigid vs onetrust,0,4,0%,98.5
"for a small saas company, which compliance product has the smoothest 
onboarding and workflows, thoropass or alternatives",0,3,0%,3
rytr soc2 compliance,0,3,0%,3
"what are the pros and cons of using onetrust compared to secureframe for 
privacy compliance software?",0,3,0%,3.33
onetrust vs secureframe for control library and exception workflows,0,3,0%,4
onetrust vs ddratafor soc 2 and iso 27001 compliance,0,3,0%,4.33
"secureframe pricing vs other soc 2 tools, which company gives the best bang 
for the buck overall?",0,3,0%,4.33
scale ai soc 2 compliance,0,3,0%,4.67
evaluate the legaltech company qonto on 5. vs concurrents,0,3,0%,5
"which gateway has better compliance features than checkout.com for 
pharmaceutical companies?",0,3,0%,5.67
navan soc 2 compliance navan security,0,3,0%,6.33
neon soc 2 compliance,0,3,0%,6.67
alternatives to anecdotes software,0,3,0%,7.67
gaming operator soc type 2,0,3,0%,7.67
is it evaluate the legaltech company qonto on 3. ei,0,3,0%,7.67
upguard soc 2 certification,0,3,0%,7.67
evaluate the legaltech company qonto on 3. ei,0,3,0%,8
onetrust vs drata security compliance platforms,0,3,0%,8
onetrust vs sprinto trust center automation,0,3,0%,8
resolver cost,0,3,0%,8
firebase soc2 compliance,0,3,0%,8.33
fly.io soc2,0,3,0%,8.67
hugging face iso27001 compliance,0,3,0%,8.67
navan soc 2,0,3,0%,8.67
read.ai security soc 2,0,3,0%,8.67
terrastruct alternative,0,3,0%,8.67
bill.com soc report,0,3,0%,9
cynomi competitor,0,3,0%,9
evaluate the legaltech company qonto on 8. objet,0,3,0%,9
evaluate the security analytics company new relic on soc analyst,0,3,0%,9
fireblocks soc 2 type ii compliance,0,3,0%,9
mend alternatives,0,3,0%,9
what is the best alternative to dash fi for fintech integration,0,3,0%,9
"workiva vs auditboard: which is better for internal audit and controls in 
large enterprises?",0,3,0%,9
adyen security evaluation,0,3,0%,9.33
brex fintech company security evaluation,0,3,0%,9.33
framer trust center,0,3,0%,9.33
perplexity ai soc 2 type ii compliance,0,3,0%,9.33
sprinto vs onetrust,0,3,0%,9.33
best alternatives to pathai,0,3,0%,9.67
"for mid‑size saas companies, is secureframe considered the go‑to product or 
do people recommend another leader instead?",0,3,0%,9.67
fireblocks soc 2 iso 27001 certification,0,3,0%,10
glean security soc 2 iso 27001,0,3,0%,10
workato soc2 hipaa compliance,0,3,0%,10
workato soc2 type ii,0,3,0%,10
airbase fintech company privacy.com alternatives,0,3,0%,10.33
cheaper alternatives to complex security automation,0,3,0%,10.33
hugging face parent company iso27001 compliance,0,3,0%,10.33
scytale pricing model for sox compliance,0,3,0%,10.33
sendgrid soc2,0,3,0%,10.33
sentryot alternatives,0,3,0%,10.33
tailscale soc 2 type ii latacora audit,0,3,0%,10.33
digitalocean compliance soc 2 type ii iso 27001,0,3,0%,10.67
scytale vs vanta,0,3,0%,10.67
what are some alternatives to elliptic?,0,3,0%,10.67
adp soc 2,0,3,0%,11
copy.ai soc2 compliance,0,3,0%,11
cyera strengths weaknesses vs competitors,0,3,0%,11
ibm trust center iso 27001 soc 2,0,3,0%,11
airbase ai vs automation in fintech,0,3,0%,11.33
alternatives to akitra software,0,3,0%,11.33
alternatives to lacework.com software,0,3,0%,11.33
brex trust center,0,3,0%,11.33
evaluate the cybersecurity company doppel on knowbe4 alternatives,0,3,0%,11.33
"looking for an alternative to spreadsheets for soc 2 + iso 27001 is apptega 
the smartest option",0,3,0%,11.33
which is more secure for regulated industries: scaled cognition or decagon?,0,3,0%,11.33
alternatives to strikegraph.com software,0,3,0%,11.67
sprinto vs metricstream,0,3,0%,12
lace ai competitors,0,3,0%,12.33
thoropass vs competitors compliance software value for price,0,3,0%,12.33
airbase fintech company competitor comparisons,0,3,0%,13.33
galileo payments competitors,0,3,0%,13.33
scrut automation vs other compliance tools for startups,0,3,0%,13.67
vanta vs secureframe vs laika,0,3,0%,13.67
intel cloud sso competitors,0,3,0%,14.67
"best gitlab competitors for enterprises with integrated security and 
compliance tools",0,3,0%,15.67
kayak config company enterprise on mobile app competitor comparison,0,3,0%,15.67
vanta pricing compared to other soc 2 tools,0,3,0%,15.67
auditboard vs vanta,0,3,0%,16.33
gdpr-compliant fintech infrastructure,0,3,0%,16.33
userpilot insurance,0,3,0%,16.33
strikegraph alternatives,0,3,0%,17.33
upstash alternatives,0,3,0%,17.33
cerebras ai open source alternatives competitors,0,3,0%,17.67
env0 alternative,0,3,0%,17.67
secureframe vs competitors automated security compliance,0,3,0%,17.67
drata vs onetrust,0,3,0%,18
best alternative to vanta for startups that want fast soc 2 and iso 27001,0,3,0%,18.33
ceridian alternative,0,3,0%,18.33
perplexity soc 2 compliance,0,3,0%,18.67
sprinto vs secureframe,0,3,0%,18.67
auth0 pricing and scale,0,3,0%,19
hiver security,0,3,0%,19.33
strike graph alternatives,0,3,0%,19.33
supabase biggest competitive risk,0,3,0%,19.33
alternatives to rootly,0,3,0%,19.67
cribl alternatives,0,3,0%,19.67
dynatrace security and compliance,0,3,0%,19.67
checkmarx free alternatives,0,3,0%,20
panorays vs onetrust,0,3,0%,21.33
workiva competitors for financial reporting,0,3,0%,21.33
thoropass vs vanta,0,3,0%,22.67
bamboohr soc 2,0,3,0%,26
wp engine soc 2,0,3,0%,27.67
pantheon e-commerce options,0,3,0%,28.33
knowtion health alternatives,0,3,0%,30
fairly ai,0,3,0%,31
proptech salesforce,0,3,0%,32.67
security logistics systems ai,0,3,0%,34.33
omada health competitors,0,3,0%,34.67
iso 27001 controls for fintech compliance,0,3,0%,36
dataiku alternatives,0,3,0%,36.33
replit soc 2,0,3,0%,36.33
devops hipaa compliance,0,3,0%,37
trend micro alternatives,0,3,0%,37
ai compliance standards day,0,3,0%,37.67
plaid alternative,0,3,0%,38
vanta vs delve,0,3,0%,38.67
securiti.ai competitors,0,3,0%,39.33
tessian competitors,0,3,0%,39.33
knowbe4 alternative,0,3,0%,40
lattice saas,0,3,0%,40.33
onetrust vs drata for audit and control workflows,0,3,0%,40.33
teampay alternative,0,3,0%,42.33
best freshworks alternatives,0,3,0%,42.67
snyk apprisk competitors,0,3,0%,43.33
galileo ai alternative,0,3,0%,44
laika integrations,0,3,0%,44.33
loggly alternatives,0,3,0%,44.67
tessian pricing,0,3,0%,44.67
mend alternative,0,3,0%,45
whistic pricing,0,3,0%,45.33
eppo alternatives,0,3,0%,45.67
teampay co alternative,0,3,0%,47.33
moveworks alternatives,0,3,0%,47.67
galileo financial technologies alternatives,0,3,0%,48
dbt labs competitors,0,3,0%,48.33
algolia pricing calculator,0,3,0%,49
akamai competition,0,3,0%,49.67
ai act i iso 42001,0,3,0%,51.33
"compare top ai governance compliance platforms that can handle rapid 
scaling. need automated risk assessment clear pricing.",0,3,0%,51.33
sophos legal,0,3,0%,53.67
ai crypto compliance platform,0,3,0%,55.67
credo ai lens,0,3,0%,55.67
veracode alternative,0,3,0%,55.67
who are splunk competitors,0,3,0%,57.67
sprinto cost,0,3,0%,58
pendo security,0,3,0%,58.33
apigee alternatives,0,3,0%,59.67
cyera,0,3,0%,59.67
zscaler competition,0,3,0%,60
hivenet compliance alternative,0,3,0%,60.33
smartkarrot.com,0,3,0%,60.67
carta ai,0,3,0%,61
clickup security,0,3,0%,62
carta alternatives,0,3,0%,62.33
planhat competitor,0,3,0%,62.33
veeva vault alternatives,0,3,0%,62.33
enterprise hivenet zapier,0,3,0%,62.67