404	https://risclens.com/auditor-directory/bangalore
404	https://risclens.com/auditor-directory/london
200	https://risclens.com/compare/axiom-alternatives/for/ai-data
200	https://risclens.com/compare/auditboard-alternatives/for/marketing-ai
404	https://risclens.com/auditor-directory/singapore
307	https://risclens.com/compare
200	https://risclens.com/compare/axiom-alternatives/for/ai-ml
200	https://risclens.com/compare/axiom-alternatives/for/biotech
404	https://risclens.com/auditor-directory/berlin
404	https://risclens.com/auditor-directory/sydney
200	https://risclens.com/compare/auditboard-alternatives/for/manufacturing
200	https://risclens.com/compare/automattic-alternatives/for/hr-tech
200	https://risclens.com/compare/axiom-alternatives/for/cybersecurity
200	https://risclens.com/compare/axiom-alternatives/for/devtools
200	https://risclens.com/compare/axiom-alternatives/for/digital-health
200	https://risclens.com/compare/axiom-alternatives/for/crypto-web3
200	https://risclens.com/compare/axiom-alternatives/for/fintech
200	https://risclens.com/compare/axiom-alternatives/for/defense-tech
200	https://risclens.com/compare/axiom-alternatives/for/healthcare
200	https://risclens.com/compare/axiom-alternatives/for/govtech
200	https://risclens.com/compare/axiom-alternatives/for/gaming
200	https://risclens.com/compare/axiom-alternatives/for/healthtech
200	https://risclens.com/compare/axiom-alternatives/for/edtech
200	https://risclens.com/compare/axiom-alternatives/for/ecommerce
200	https://risclens.com/compare/axiom-alternatives/for/insurance
200	https://risclens.com/compare/axiom-alternatives/for/hr-tech
200	https://risclens.com/compare/axiom-alternatives/for/insurtech
200	https://risclens.com/compare/axiom-alternatives/for/logistics
200	https://risclens.com/compare/axiom-alternatives/for/manufacturing
200	https://risclens.com/compare/axiom-alternatives/for/proptech
200	https://risclens.com/compare/axiom-alternatives/for/martech
200	https://risclens.com/compare/axiom-alternatives/for/marketing-ai
200	https://risclens.com/compare/axiom-alternatives/for/legaltech
200	https://risclens.com/compare/azure-alternatives/for/ai-data
200	https://risclens.com/compare/azure-alternatives/for/ai-ml
200	https://risclens.com/compare/axiom-alternatives/for/saas
200	https://risclens.com/compare/azure-alternatives/for/crypto-web3
200	https://risclens.com/compare/azure-alternatives/for/biotech
200	https://risclens.com/compare/azure-alternatives/for/defense-tech
200	https://risclens.com/compare/azure-alternatives/for/cybersecurity
200	https://risclens.com/compare/azure-alternatives/for/devtools
200	https://risclens.com/compare/azure-alternatives/for/digital-health
200	https://risclens.com/compare/azure-alternatives/for/edtech
200	https://risclens.com/compare/azure-alternatives/for/fintech
200	https://risclens.com/compare/azure-alternatives/for/ecommerce
200	https://risclens.com/compare/azure-alternatives/for/govtech
200	https://risclens.com/compare/azure-alternatives/for/gaming
200	https://risclens.com/compare/azure-alternatives/for/healthcare
200	https://risclens.com/compare/azure-alternatives/for/healthtech
200	https://risclens.com/compare/azure-alternatives/for/hr-tech
200	https://risclens.com/compare/azure-alternatives/for/logistics
200	https://risclens.com/compare/azure-alternatives/for/insurance
200	https://risclens.com/compare/azure-alternatives/for/legaltech
200	https://risclens.com/compare/azure-alternatives/for/manufacturing
200	https://risclens.com/compare/azure-alternatives/for/insurtech
404	https://risclens.com/learn/soc-2-readiness/business-continuity
404	https://risclens.com/learn/soc-2-readiness/mfa-and-authentication
404	https://risclens.com/learn/soc-2-readiness/policies-and-procedures
404	https://risclens.com/pricing/credo-ai-pricing
404	https://risclens.com/soc-2/industries/ai-governance-financial-services
404	https://risclens.com/pricing/onetrust-ai-governance-pricing
404	https://risclens.com/soc-2/industries/ai-governance-healthcare
404	https://risclens.com/pricing/ibm-watsonx-governance-pricing
404	https://risclens.com/pricing/holistic-ai-pricing
404	https://risclens.com/soc-2/industries/ai-governance-hr
404	https://risclens.com/soc-2/industries/ai-governance-marketing
500	https://risclens.com/compliance/directory
200	https://risclens.com/compare/lever-alternatives/for/proptech
200	https://risclens.com/compare/lever-alternatives/for/martech
